,Symbol,Year,Quarter,Assets,Debt,Equity,Liabilities,Provisions
0,VNR,2005,0,877535439716.0,0.0,354993789439.0,522541650277.0,137624570660.0
1,VNR,2006,0,874726010708.0,0.0,413456573974.0,461269436734.0,165205941536.0
2,VNR,2007,0,1215274673641.0,0.0,613882111291.0,601392562350.0,212742366156.0
3,VNR,2008,0,2723895414308.0,0.0,1910770742549.0,813124671759.0,317061617164.0
4,VNR,2009,0,3047964096266.0,0.0,1989371583372.0,1058592512894.0,360529436343.0
5,VNR,2010,0,3667763229900.0,0.0,2124729141041.0,1507764911782.0,464336713622.0
6,VNR,2011,0,4075985685647.0,0.0,2259420029099.0,1781935508279.0,567465674655.0
7,VNR,2012,0,4212190090676.0,0.0,2327129606072.0,1850852672972.0,684470883497.0
8,VNR,2013,0,4568182586642.0,0.0,2440001094674.0,2096175661559.0,556567577817.0
9,VNR,2014,0,6034510038959.0,0.0,2647289205447.0,3355473837652.0,2319179724023.0
10,VNR,2015,0,6465306881448.0,0.0,2636920097063.0,3798151119728.0,2584331952578.0
11,VNR,2016,0,6350350437470.0,0.0,2740094654223.0,3579812089460.0,2372249372600.0
12,VNR,2017,0,6448645012061.0,0.0,2705390647803.0,3712354137283.0,2307077734239.0
13,VNR,2018,0,6673925586277.0,0.0,3005630255021.0,3668295331256.0,2542684319556.0
14,VNR,2019,0,7001526102404.0,0.0,3091531260924.0,3875204527011.0,2668028295192.0
15,VNR,2020,0,6975739928429.0,0.0,3134355306437.0,3807766811718.0,2833447907148.0
16,VNR,2021,0,7158712334736.0,0.0,3278038516120.0,3846949352492.0,2952583034253.0
17,VNR,2022,0,7126443040618.0,0.0,3453796626387.0,3640694004631.0,2740481658874.0
18,VNR,2006,1,958869670605.0,0.0,368893047342.0,589976623263.0,0.0
19,VNR,2007,1,1018456859924.0,0.0,416961656770.0,601495203154.0,0.0
20,VNR,2008,1,2676893409216.0,0.0,1899908018735.0,776985390481.0,229402290936.0
21,VNR,2009,1,2905137812203.0,0.0,1957203576678.0,947934235525.0,334227914498.0
22,VNR,2010,1,3306905883471.0,0.0,2059239445115.0,1247490755875.0,374857351651.0
23,VNR,2011,1,4199165494239.0,0.0,2206330402021.0,1957712770957.0,502454933415.0
24,VNR,2012,1,4276992384226.0,0.0,2335679346587.0,1906299742748.0,585164425319.0
25,VNR,2013,1,4347071980020.0,0.0,2408487871602.0,1904688871683.0,667221482635.0
26,VNR,2014,1,6303227522106.0,0.0,2468643164725.0,3802700664359.0,2220382741380.0
27,VNR,2015,1,6379077064164.0,0.0,2712878390847.0,3634538338151.0,2570436170750.0
28,VNR,2016,1,6511563319407.0,0.0,2683842403766.0,3797448043185.0,2640905556781.0
29,VNR,2017,1,6715288451485.0,0.0,2638934298927.0,4046101448127.0,2505687767695.0
30,VNR,2018,1,6429548448692.0,0.0,2768861235683.0,3629938108760.0,2277066025463.0
31,VNR,2019,1,7048799290334.0,0.0,3043128331905.0,3969644943693.0,2587699272494.0
32,VNR,2020,1,7028435969065.0,0.0,2849517704336.0,4144323883745.0,2692479868202.0
33,VNR,2021,1,6968917491079.0,1245626744.0,3245603098179.0,3689855846789.0,2730057904413.0
34,VNR,2022,1,7270789120305.0,0.0,3359423613527.0,3877724770954.0,2875008619315.0
35,VNR,2023,1,7738769703673.0,0.0,3661377091056.0,4046091578407.0,2832265042461.0
36,VNR,2006,2,1012496669675.0,0.0,383313338715.0,629183330960.0,0.0
37,VNR,2007,2,1098351443793.0,0.0,434677865843.0,663673577950.0,183976982328.0
38,VNR,2008,2,2775098302005.0,0.0,1909382271409.0,865716030596.0,242008455765.0
39,VNR,2009,2,3002360973065.0,0.0,1952031421659.0,1050329551406.0,357376626352.0
40,VNR,2010,2,3660346983393.0,0.0,2041727716512.0,1618619266881.0,410838216187.0
41,VNR,2011,2,4157085854211.0,425880000.0,2215989814184.0,1906257856400.0,511415819913.0
42,VNR,2012,2,4517711777964.0,0.0,2348034199163.0,2134597270401.0,615563168698.0
43,VNR,2013,2,4674481338647.0,0.0,2430277710509.0,2210400688637.0,635358546883.0
44,VNR,2014,2,6319193214505.0,0.0,2530271918682.0,3757395874529.0,2306717340478.0
45,VNR,2015,2,6660478321561.0,0.0,2570568983076.0,4058497959153.0,2724631957694.0
46,VNR,2016,2,6462880632790.0,0.0,2612036285833.0,3820793967009.0,2506984078289.0
47,VNR,2017,2,6666721195430.0,0.0,2705092532326.0,3931538040174.0,2357397131543.0
48,VNR,2018,2,6728970361126.0,0.0,2813195624405.0,3885175653471.0,2453410698467.0
49,VNR,2019,2,7261795004221.0,0.0,2941472227524.0,4284846816717.0,2739459536100.0
50,VNR,2020,2,7378597835661.0,0.0,2946200640263.0,4397937931536.0,2671228424452.0
51,VNR,2021,2,7251154278233.0,0.0,3116045617650.0,4101590874469.0,2851998236426.0
52,VNR,2022,2,7590959549153.0,0.0,3258629918514.0,4298457370659.0,2933968032086.0
53,VNR,2006,3,956621642680.0,0.0,399566331066.0,557055311614.0,0.0
54,VNR,2007,3,1266992392187.0,0.0,596287693757.0,670704698430.0,193980003163.0
55,VNR,2008,3,2810604350018.0,0.0,1890157563872.0,920446786146.0,280771131481.0
56,VNR,2009,3,3146804394740.0,0.0,1941055932564.0,1205748462176.0,395757797456.0
57,VNR,2010,3,3781651978435.0,0.0,2041271936010.0,1705913124271.0,449569240905.0
58,VNR,2011,3,4325476618969.0,425880000.0,2294979285429.0,1995523297471.0,538935223816.0
59,VNR,2012,3,4437588412740.0,0.0,2361776871622.0,2041005588926.0,656283617106.0
60,VNR,2013,3,4787293959682.0,0.0,2492656944938.0,2261120486318.0,589354328583.0
61,VNR,2014,3,6529968575560.0,0.0,2592974864893.0,3905451678460.0,2626635467113.0
62,VNR,2015,3,6716498241401.0,0.0,2654626898074.0,4030680138444.0,2698099912003.0
63,VNR,2016,3,6533284736298.0,0.0,2674585218811.0,3828790374784.0,2487605281064.0
64,VNR,2017,3,6713259256164.0,0.0,2788758275837.0,3894581086788.0,2301150202673.0
65,VNR,2018,3,6898945934597.0,0.0,2890974304388.0,3977608034796.0,2574399878954.0
66,VNR,2019,3,7224466167649.0,0.0,3007142557298.0,4181986809545.0,2804913488561.0
67,VNR,2020,3,7009699757618.0,0.0,3061655799196.0,3913816872272.0,2624018034842.0
68,VNR,2021,3,7312682360146.0,0.0,3209319710798.0,4069853456726.0,2965427250855.0
69,VNR,2022,3,7434189540117.0,0.0,3330368268009.0,4072037606711.0,2883860988591.0
70,VNR,2005,4,877535439716.0,0.0,354993789439.0,522541650277.0,137624570660.0
71,VNR,2006,4,874726010708.0,0.0,413540768226.0,461185242482.0,0.0
72,VNR,2007,4,1215049162902.0,0.0,613969170378.0,601079992524.0,0.0
73,VNR,2008,4,2723895414308.0,0.0,1910846120375.0,813049293933.0,316061617164.0
74,VNR,2009,4,3047964096266.0,0.0,1989371583372.0,1058592512894.0,360529436343.0
75,VNR,2010,4,3667763229900.0,0.0,2124729141041.0,1507764911782.0,464336713622.0
76,VNR,2011,4,4075985685647.0,5565363969.0,3158542341005.0,882813196373.0,567465674655.0
77,VNR,2012,4,4212190090676.0,0.0,2326184262058.0,1851798016986.0,684470883497.0
78,VNR,2013,4,4568252477646.0,0.0,2440070985678.0,2096175661559.0,556567577817.0
79,VNR,2014,4,6034510038959.0,0.0,2659445870249.0,3343317172850.0,2319179724023.0
80,VNR,2015,4,6465126470529.0,0.0,2639430410562.0,3795460395310.0,2584331952578.0
81,VNR,2016,4,6350350437470.0,0.0,2740094654223.0,3579812089460.0,2372249372600.0
82,VNR,2017,4,6448645012061.0,0.0,2705390647803.0,3712354137283.0,2307077734239.0
83,VNR,2018,4,6673925586277.0,0.0,3005630255021.0,3668295331256.0,2542684319556.0
84,VNR,2019,4,7001526102404.0,0.0,3091531260924.0,3875204527011.0,2668028295192.0
85,VNR,2020,4,6975739928429.0,0.0,3134355306437.0,3807766811718.0,2833447907148.0
86,VNR,2021,4,7158712334736.0,0.0,3278038516120.0,3846949352492.0,2952583034253.0
87,VNR,2022,4,7126443040618.0,0.0,3453796626387.0,3640694004631.0,2740481658874.0
88,BMI,2004,0,1516745667074.0,0.0,453958948520.0,1062786718554.0,352647969108.0
89,BMI,2005,0,1508325127719.0,0.0,510849164572.0,997475963147.0,407484790992.0
90,BMI,2006,0,1439210978969.0,0.0,555610176862.0,883600802107.0,416704579292.0
91,BMI,2007,0,3107960138489.0,0.0,2061298101427.0,1046662037062.0,587979381989.0
92,BMI,2008,0,3398828924728.0,0.0,2191675929409.0,1111967436363.0,655580530334.0
93,BMI,2009,0,3736848437036.0,100000000000.0,2251905017248.0,1388551474617.0,736155048593.0
94,BMI,2010,0,3822060749810.0,0.0,2277756979477.0,1447441032137.0,810505747148.0
95,BMI,2011,0,4071676040142.0,0.0,2271387676840.0,1700669141752.0,800669804049.0
96,BMI,2012,0,3868657678657.0,2998985191.0,2185937052835.0,1583577624037.0,843937057310.0
97,BMI,2013,0,3967680607949.0,0.0,2167209080131.0,1705593384356.0,887233095522.0
98,BMI,2014,0,5340543568449.0,0.0,2191852459899.0,3052456388149.0,2141849066030.0
99,BMI,2015,0,5120400752433.0,0.0,2223554407161.0,2801530028061.0,2055759135091.0
100,BMI,2016,0,5125558803118.0,0.0,2188239240835.0,2937319562283.0,1852709401020.0
101,BMI,2017,0,5439994923898.0,0.0,2153473722602.0,3286521201296.0,2231290939980.0
102,BMI,2018,0,5544713652712.0,0.0,2269176822602.0,3275536830109.0,2189751018032.0
103,BMI,2019,0,5783393326331.0,0.0,2300479211591.0,3482914114740.0,2223806673030.0
104,BMI,2020,0,6704793894869.0,0.0,2288059450187.0,4416734444682.0,3159853002013.0
105,BMI,2021,0,7340640315294.0,0.0,2369225989247.0,4971414326047.0,3636481832708.0
106,BMI,2022,0,6923593737098.0,0.0,2469025961188.0,4454567775910.0,3025143931332.0
107,BMI,2007,1,1754382307090.0,0.0,597727266682.0,1156655040408.0,0.0
108,BMI,2008,1,3325679821345.0,0.0,2091017241661.0,1234662579684.0,683180993219.0
109,BMI,2009,1,3364552889252.0,0.0,2134127601090.0,1230425288162.0,0.0
110,BMI,2010,1,4106253253717.0,100000000000.0,2282766434717.0,1726005601068.0,1008252883711.0
111,BMI,2011,1,4158337366477.0,0.0,2328597605482.0,1731406126638.0,1050407384784.0
112,BMI,2012,1,4314056646900.0,0.0,2314560164598.0,1898918485716.0,1023411154530.0
113,BMI,2013,1,4036916209103.0,5252232106.0,2225929429042.0,1710211109494.0,991207663907.0
114,BMI,2014,1,4931796802815.0,0.0,2219859248004.0,2616274856774.0,1704099067115.0
115,BMI,2015,1,5506558428878.0,0.0,2214439907661.0,3195161770607.0,2077800056621.0
116,BMI,2016,1,5299150555792.0,0.0,2243710511704.0,2957280496228.0,1999991198542.0
117,BMI,2017,1,5305575685126.0,0.0,2214046787522.0,3091528897604.0,1883222134918.0
118,BMI,2018,1,5692572546106.0,0.0,2203167519853.0,3489405026253.0,2210257312991.0
119,BMI,2019,1,5703524351549.0,0.0,2297340407622.0,3406183943927.0,2009750134557.0
120,BMI,2020,1,5991939144263.0,0.0,2323320271563.0,3668618872700.0,2350835956562.0
121,BMI,2021,1,6701399239349.0,0.0,2383252556206.0,4318146683143.0,2860439492872.0
122,BMI,2022,1,7463565257577.0,0.0,2441184637759.0,5022380619818.0,3601225459395.0
123,BMI,2023,1,7402396872877.0,0.0,2536488199733.0,4865908673144.0,3136732399507.0
124,BMI,2007,2,1826797486337.0,0.0,587134103361.0,1239663382976.0,0.0
125,BMI,2008,2,3403645692288.0,0.0,2057246473695.0,1346399218593.0,761185081397.0
126,BMI,2009,2,3859152456358.0,100000000000.0,2176615229215.0,1588861937678.0,778106838418.0
127,BMI,2010,2,3843181791662.0,0.0,2207547714945.0,1541284895093.0,928368003523.0
128,BMI,2011,2,4048529381824.0,2500000000.0,2247259474584.0,1705485559254.0,998480953038.0
129,BMI,2012,2,4178176766471.0,4999770000.0,2230739138491.0,1850170268283.0,872436179457.0
130,BMI,2013,2,3896369349317.0,0.0,2129131487672.0,1673171510435.0,969116874775.0
131,BMI,2014,2,5092693277742.0,0.0,2148234013552.0,2847322113550.0,1895721541635.0
132,BMI,2015,2,5372278528579.0,0.0,2205059852892.0,3070131430057.0,2087990017603.0
133,BMI,2016,2,5325697390365.0,0.0,2245061283325.0,2981401958952.0,1976264428397.0
134,BMI,2017,2,5188620414177.0,0.0,2196819796185.0,2991800617992.0,2044121688982.0
135,BMI,2018,2,5602682916004.0,0.0,2255637400129.0,3347045515875.0,2230644372006.0
136,BMI,2019,2,5291476810094.0,0.0,2232540012398.0,3058936797696.0,1881442756467.0
137,BMI,2020,2,5983790356720.0,0.0,2188722046041.0,3778734778156.0,2274362662343.0
138,BMI,2021,2,6018840369686.0,0.0,2249217238694.0,3769623130992.0,2704746357000.0
139,BMI,2022,2,7115854489389.0,0.0,2335702146556.0,4780152342833.0,3322821342478.0
140,BMI,2007,3,3100190626082.0,0.0,2064535952664.0,1035654673418.0,0.0
141,BMI,2008,3,3434348217192.0,0.0,2094418739852.0,1339929477340.0,653763542915.0
142,BMI,2009,3,3903412707229.0,100000000000.0,2190848524539.0,1617496581425.0,838880759377.0
143,BMI,2010,3,4044717957451.0,0.0,2237430124661.0,1711499621552.0,979009158587.0
144,BMI,2011,3,4145911964366.0,0.0,2274516090504.0,1773405957513.0,1014286307070.0
145,BMI,2012,3,4149542466360.0,5464462028.0,2210018609979.0,1840563510395.0,880434302342.0
146,BMI,2013,3,3964726039492.0,95137.0,2148533091681.0,1721410084443.0,1010816443228.0
147,BMI,2014,3,5204415296083.0,0.0,2176653138274.0,2929679703857.0,1909872865634.0
148,BMI,2015,3,5625740115863.0,0.0,2231083698198.0,3296642690616.0,2287361609685.0
149,BMI,2016,3,5159984444542.0,0.0,2146192719063.0,3013791725479.0,1936384624270.0
150,BMI,2017,3,5289809623730.0,0.0,2264216311611.0,3025593312119.0,2094574461767.0
151,BMI,2018,3,5619617737238.0,0.0,2288234571601.0,3331383165637.0,2106386275718.0
152,BMI,2019,3,5485947635356.0,0.0,2275479759043.0,3210467876313.0,2073514862009.0
153,BMI,2020,3,6240999707185.0,0.0,2256656443646.0,3984343263539.0,2542171625264.0
154,BMI,2021,3,7138181533683.0,0.0,2309830009554.0,4828351524129.0,3722415300875.0
155,BMI,2022,3,7194167740544.0,0.0,2405803346968.0,4788364393576.0,3457560676024.0
156,BMI,2004,4,1516745667074.0,0.0,453958948520.0,1062786718554.0,352647969108.0
157,BMI,2005,4,1508325127719.0,0.0,510849164572.0,997475963147.0,407484790992.0
158,BMI,2006,4,1439210978969.0,0.0,555610176862.0,883600802107.0,416704579292.0
159,BMI,2007,4,2988786253281.0,0.0,2067304161683.0,921482091598.0,0.0
160,BMI,2008,4,3186956089308.0,0.0,2103940096218.0,1083015993090.0,665943392548.0
161,BMI,2009,4,3673919829768.0,100000000000.0,2262857992198.0,1315230057143.0,754318629074.0
162,BMI,2010,4,3818539943076.0,0.0,2260112962476.0,1461564242404.0,978713620651.0
163,BMI,2011,4,412318201956.0,0.0,2294017236307.0,1729546444099.0,800994804049.0
164,BMI,2012,4,3982310147420.0,2998985191.0,2301589602445.0,1580029354470.0,845650609795.0
165,BMI,2013,4,3972520119385.0,0.0,2164204437691.0,1712311083735.0,889216764437.0
166,BMI,2014,4,5144684846728.0,0.0,2190069698225.0,2858288105026.0,1914774882809.0
167,BMI,2015,4,5238688191131.0,0.0,2261428459229.0,2881901372311.0,2101007926745.0
168,BMI,2016,4,5113047776908.0,0.0,2234880059540.0,2878167717368.0,1852528384122.0
169,BMI,2017,4,5726241313408.0,0.0,2154227027090.0,3572014286318.0,2511711360799.0
170,BMI,2018,4,5544713652712.0,0.0,2269176822602.0,3275536830109.0,2189751018032.0
171,BMI,2019,4,5783393326331.0,0.0,2300479211591.0,3482914114740.0,2223806673030.0
172,BMI,2020,4,6704793894869.0,0.0,2288059450187.0,4416734444682.0,3159853002013.0
173,BMI,2021,4,7340640315294.0,0.0,2369225989247.0,4971414326047.0,3636481832708.0
174,BMI,2022,4,6923593737098.0,0.0,2469025961188.0,4454567775910.0,3025143931332.0
175,PVI,2006,0,1195284016910.0,0.0,718215900399.0,477068116511.0,194963351266.0
176,PVI,2007,0,4519270973617.0,0.0,1754394098790.0,2764876874827.0,287011387382.0
177,PVI,2008,0,4918360768187.0,0.0,2288022015841.0,2630338752346.0,593940332202.0
178,PVI,2009,0,5922371865034.0,0.0,2427672652678.0,3494699212356.0,824700350687.0
179,PVI,2010,0,6453102458437.0,0.0,3633310243059.0,2819792215378.0,1119205174766.0
180,PVI,2008,1,5198770130068.0,0.0,2256802401726.0,2941967728342.0,0.0
181,PVI,2009,1,5229530790938.0,0.0,2323178753888.0,2906352037050.0,724510667805.0
182,PVI,2010,1,6254194113458.0,130000000000.0,2510341907430.0,3743852206028.0,829397419480.0
183,PVI,2011,1,6890830611637.0,0.0,3723766637602.0,3167063974035.0,1279391184564.0
184,PVI,2007,2,3553132284531.0,0.0,563848589714.0,2989283694817.0,0.0
185,PVI,2008,2,5421241543026.0,0.0,2296744212054.0,3124497330972.0,0.0
186,PVI,2009,2,5577756244880.0,0.0,2366397208718.0,3211359036162.0,734734952859.0
187,PVI,2010,2,7275146671163.0,130000000000.0,3526644713146.0,3748501958017.0,1015767722986.0
188,PVI,2011,2,7517234136915.0,1001564208441.0,3803118892028.0,3714115244887.0,1429812728791.0
189,PVI,2007,3,4520147055571.0,0.0,1584107455773.0,2936039599798.0,0.0
190,PVI,2008,3,5081577227456.0,0.0,2399770979372.0,2681806248084.0,0.0
191,PVI,2009,3,5871589358137.0,0.0,2397099852856.0,3474489505281.0,766427162437.0
192,PVI,2010,3,6794682426744.0,0.0,3562256008100.0,3232426418644.0,1149113331472.0
193,PVI,2007,4,4496174453491.0,0.0,1754121923479.0,2742052530012.0,0.0
194,PVI,2008,4,4939590509713.0,0.0,2304788086293.0,2634802423420.0,0.0
195,PVI,2009,4,5922371865034.0,0.0,2427672652678.0,3494699212356.0,824700350687.0
196,PVI,2010,4,6453102458437.0,0.0,3633123236795.0,2819979221642.0,1146693457798.0
197,BVH,2008,0,25317575407946.0,0.0,8301511202912.0,16526705083134.0,14814207763086.0
198,BVH,2009,0,33714616663671.0,420948732663.0,8588671366438.0,23777028786063.0,16482940038120.0
199,BVH,2010,0,44767937163527.0,1593235333373.0,10736890095136.0,32683517379004.0,17638989877662.0
200,BVH,2011,0,43581307668726.0,862076552375.0,11734551040742.0,30531094688366.0,18374408240296.0
201,BVH,2012,0,46225206155055.0,923705262994.0,12189170035335.0,31970543119249.0,19782334448635.0
202,BVH,2013,0,55093139820723.0,265151573583.0,12229803245589.0,40773340098400.0,22262423825938.0
203,BVH,2014,0,47568465541972.0,3517524546.0,12372592224407.0,34622545019038.0,27209321607244.0
204,BVH,2015,0,58552564508777.0,29800759917.0,12691951161855.0,45244403265076.0,32900021782763.0
205,BVH,2016,0,72996452507836.0,164346598470.0,13108940382267.0,59231591948063.0,41414707556865.0
206,BVH,2017,0,91402336076879.0,95764775487.0,13881408862316.0,76819927615423.0,53057863311928.0
207,BVH,2018,0,113768691848977.0,580048744220.0,15553353443300.0,98215338405677.0,68709539600572.0
208,BVH,2019,0,128253864327828.0,739267529383.0,19198379719295.0,108320428345174.0,83958162974605.0
209,BVH,2020,0,147283426773859.0,1210886880834.0,20083063798758.0,126445365511537.0,100742594129069.0
210,BVH,2021,0,169460924431144.0,2774297125571.0,21375349799164.0,147249509518307.0,119359562795088.0
211,BVH,2022,0,201610056505497.0,1072760233279.0,20596157846566.0,180121180142098.0,137279490941205.0
212,BVH,2009,1,28114653581831.0,423954000000.0,7928795759876.0,18946609050313.0,15193362671203.0
213,BVH,2010,1,35954751839049.0,275415935242.0,10689745242348.0,23903427466693.0,16934903330260.0
214,BVH,2011,1,42917938457853.0,1548616915182.0,11635683840661.0,29950603028092.0,18222374736057.0
215,BVH,2012,1,42254080090332.0,0.0,12131486771742.0,28780370348936.0,18573287004374.0
216,BVH,2013,1,47851424899016.0,671697600000.0,12449143457544.0,33324029613686.0,20303672987533.0
217,BVH,2014,1,60780834508588.0,96630349909.0,12603849558679.0,46059871989622.0,23808165899461.0
218,BVH,2015,1,49534425269979.0,3045340402.0,12679635704281.0,36266374330946.0,28564034478196.0
219,BVH,2016,1,62677304359116.0,27031102221.0,13047707295802.0,49004457690122.0,34680735311484.0
220,BVH,2017,1,75107585744712.0,99431677521.0,13451293273969.0,60856841708384.0,43670559325260.0
221,BVH,2018,1,99329565769244.0,5305672947.0,14290108462026.0,84323860814941.0,57246260039941.0
222,BVH,2019,1,116561024614534.0,699183802460.0,15951156981561.0,100609867632973.0,72659500922355.0
223,BVH,2020,1,133432083303416.0,610599395508.0,19382347014022.0,113326362810142.0,87228833475601.0
224,BVH,2021,1,146603447246883.0,1392183552899.0,20601685742546.0,125217016989165.0,105244798580002.0
225,BVH,2022,1,183778091195504.0,3102218604954.0,21822793190341.0,161089242676864.0,123411837043740.0
226,BVH,2023,1,220461024759660.0,1772865507686.0,21086278622687.0,198476541743494.0,140755140575994.0
227,BVH,2009,2,29412553932225.0,150000000.0,8117613425982.0,20005085087650.0,15890542741881.0
228,BVH,2010,2,38977226007161.0,1034043041290.0,10361206537651.0,27260770040898.0,16950749447805.0
229,BVH,2011,2,43329976794364.0,823007695.0,11704796326744.0,30337822030024.0,18265554867168.0
230,BVH,2012,2,47135473443154.0,0.0,11550224294768.0,34255532246728.0,18784424238975.0
231,BVH,2013,2,48803167908044.0,1544080800000.0,12613937636734.0,34172200278924.0,20560228132002.0
232,BVH,2014,2,63830804733113.0,198812507495.0,11762100771743.0,50021861915245.0,24778622802827.0
233,BVH,2015,2,50791919749831.0,3662234957.0,12291271590221.0,37902783547511.0,29615349362063.0
234,BVH,2016,2,64365559733304.0,68519118448.0,12831291611943.0,50896661382185.0,36504325492682.0
235,BVH,2017,2,82903251795364.0,5749293964.0,14082409606965.0,68141907533195.0,45862436775271.0
236,BVH,2018,2,100581927512272.0,304824024860.0,15361000383595.0,84496861966420.0,61851696324754.0
237,BVH,2019,2,120933424001333.0,780065076964.0,15442299126320.0,104772977564436.0,76599236752863.0
238,BVH,2020,2,137875448487374.0,575005410912.0,19868177017045.0,117250527325073.0,91703776674715.0
239,BVH,2021,2,149101960549203.0,2174518898584.0,21095614877766.0,127199954713867.0,109896959558624.0
240,BVH,2022,2,193291037695195.0,1699667031872.0,22137524379556.0,170283970037801.0,128048370269884.0
241,BVH,2009,3,30697369441424.0,85173118724.0,8338073081220.0,21012394795215.0,16238318732816.0
242,BVH,2010,3,42604783076411.0,2095395167805.0,10574617949537.0,30700006342466.0,17185186858676.0
243,BVH,2011,3,45264057243889.0,382598381123.0,11317947736224.0,32624889453141.0,18431102002381.0
244,BVH,2012,3,45535345435860.0,0.0,11811998867458.0,32387999460591.0,19008222884581.0
245,BVH,2013,3,51632619720099.0,550000000000.0,11904479881862.0,37623122332626.0,21137612502167.0
246,BVH,2014,3,48419673971453.0,15214431740.0,12050542699175.0,35810475711291.0,26066536384846.0
247,BVH,2015,3,53533833227452.0,31877229971.0,12508705134171.0,40416694776382.0,31270176427411.0
248,BVH,2016,3,67391356031344.0,2577430000.0,13080222872897.0,53666782787626.0,38887256340270.0
249,BVH,2017,3,85783172177495.0,41644726476.0,13533965091665.0,71559662263488.0,49115269794026.0
250,BVH,2018,3,100983739224191.0,468068024860.0,14726447477566.0,85541541085140.0,65742417224579.0
251,BVH,2019,3,121829354393551.0,726879501978.0,15804527237722.0,105297386561064.0,79627186153071.0
252,BVH,2020,3,144960943808162.0,705496669364.0,20309161499764.0,123885845187528.0,96802245812079.0
253,BVH,2021,3,165122099838582.0,2491045659795.0,21502698108809.0,142794772654838.0,114362967130824.0
254,BVH,2022,3,190853362101525.0,1252315838267.0,22512789024977.0,167446887379322.0,133088768904252.0
255,BVH,2008,4,25317575407946.0,0.0,8301511202912.0,16526705083134.0,14814207763086.0
256,BVH,2009,4,33714616663671.0,420948732663.0,8588671366438.0,23777028786063.0,16482940038120.0
257,BVH,2010,4,44767937163527.0,1593235333373.0,10736890095136.0,32683517379004.0,17638989877662.0
258,BVH,2011,4,43759872863982.0,862076552375.0,11743246836936.0,30700024376182.0,18476301815891.0
259,BVH,2012,4,46116912835650.0,939144342907.0,12096471991131.0,31957090079508.0,19718457492858.0
260,BVH,2013,4,55793512680256.0,265151573583.0,12184213355540.0,41482964415781.0,22667777651179.0
261,BVH,2014,4,47529182350052.0,3517524546.0,12377528175069.0,34578334752285.0,27169422541162.0
262,BVH,2015,4,58596328906596.0,31161309647.0,12677156079419.0,45302819421025.0,32922287039810.0
263,BVH,2016,4,73078644664315.0,164346598470.0,13358508683489.0,59062447457906.0,41089858145117.0
264,BVH,2017,4,91368135663040.0,94772307453.0,13885375685402.0,76781465506380.0,53121232354073.0
265,BVH,2018,4,113768691848977.0,580048744220.0,15553353443300.0,98215338405677.0,68709539600572.0
266,BVH,2019,4,128253864327828.0,739267529383.0,19198379719295.0,108320428345174.0,83958162974605.0
267,BVH,2020,4,147283426773859.0,1210886880834.0,20083063798758.0,126445365511537.0,100742594129069.0
268,BVH,2021,4,169460924431144.0,2774297125571.0,21375349799164.0,147249509518307.0,119359562795088.0
269,BVH,2022,4,201610056505497.0,1072760233279.0,20596157846566.0,180121180142098.0,137279490941205.0
270,ABI,2008,0,489539522312.0,156951832.0,388236190129.0,101303332183.0,51982691342.0
271,ABI,2009,0,592757345964.0,0.0,388556688760.0,204200657204.0,132828037360.0
272,ABI,2010,0,792774693617.0,0.0,417256719594.0,375517974023.0,227643913133.0
273,ABI,2011,0,1564309884996.0,0.0,439455457602.0,1124854427394.0,935807183495.0
274,ABI,2012,0,884901674660.0,0.0,468145423866.0,416756250794.0,262051744630.0
275,ABI,2013,0,966876356422.0,0.0,479945283928.0,486931072494.0,300587430593.0
276,ABI,2014,0,1145268557599.0,0.0,555105129502.0,590163428097.0,416212854881.0
277,ABI,2015,0,1293413068894.0,0.0,587956423115.0,705456645779.0,521987308298.0
278,ABI,2016,0,1545440173990.0,0.0,633259563037.0,912180610953.0,707836110321.0
279,ABI,2017,0,1791715783999.0,0.0,695886396914.0,1095829387085.0,871004043078.0
280,ABI,2018,0,2139748413371.0,0.0,785989045930.0,1353759367441.0,1050987591797.0
281,ABI,2019,0,2569469136645.0,0.0,956294876068.0,1613174260577.0,1302564123482.0
282,ABI,2020,0,2988138222635.0,0.0,1127982981670.0,1860155240965.0,1485982998056.0
283,ABI,2021,0,3311395071285.0,0.0,1324129862158.0,1987265209127.0,1565891195042.0
284,ABI,2022,0,3575994139540.0,0.0,1471503258339.0,2104490881201.0,1635621984077.0
285,ABI,2013,1,923685803630.0,0.0,484967674828.0,438718128802.0,265152241484.0
286,ABI,2014,1,1073834600921.0,0.0,499387028843.0,574447572078.0,423251744434.0
287,ABI,2015,1,1167900794532.0,0.0,529056988860.0,638843805672.0,456525874962.0
288,ABI,2016,1,1370254579819.0,0.0,609456530824.0,760798048995.0,583077618027.0
289,ABI,2017,1,1631432087017.0,0.0,679018684021.0,952413402996.0,732166304486.0
290,ABI,2018,1,1892936470607.0,0.0,731437614094.0,1161498856513.0,928645411269.0
291,ABI,2019,1,2275558142072.0,0.0,846410896204.0,1429147245868.0,1115978608847.0
292,ABI,2020,1,2679873082924.0,0.0,983691153639.0,1696181929285.0,1385047139150.0
293,ABI,2021,1,3085249671742.0,0.0,1180550406261.0,1904699265481.0,1529461620362.0
294,ABI,2022,1,3376694884966.0,0.0,1359106373833.0,2017588511133.0,1617409206868.0
295,ABI,2023,1,3691074015025.0,0.0,1521999251270.0,2169074763755.0,1633657033364.0
296,ABI,2012,2,924532582876.0,0.0,438583975093.0,485948607783.0,225623766610.0
297,ABI,2013,2,1444061549118.0,0.0,463937007064.0,980124542054.0,276906747739.0
298,ABI,2014,2,1029766320136.0,0.0,481507830664.0,548258489472.0,385178805108.0
299,ABI,2015,2,1186681993407.0,0.0,550161260613.0,636520732794.0,478125709094.0
300,ABI,2016,2,1422179761290.0,0.0,591315059477.0,830864701813.0,623013605760.0
301,ABI,2017,2,1664279502368.0,0.0,679211620649.0,985067881719.0,734213916646.0
302,ABI,2018,2,1950595769948.0,0.0,733509920167.0,1217085849781.0,937379605935.0
303,ABI,2019,2,2374017156046.0,0.0,857718149016.0,1516299007030.0,1151443516466.0
304,ABI,2020,2,2858002322408.0,0.0,1066223315922.0,1791779006486.0,1421992443878.0
305,ABI,2021,2,3190146374967.0,0.0,1239518985648.0,1950627389319.0,1597904275128.0
306,ABI,2022,2,3487676408631.0,0.0,1384647778661.0,2103028629970.0,1689947749582.0
307,ABI,2012,3,952842835080.0,0.0,451722953876.0,500619881204.0,237620598310.0
308,ABI,2013,3,932257870439.0,0.0,473628358188.0,458629512251.0,286316459394.0
309,ABI,2015,3,1249594160259.0,0.0,570398239980.0,679195920279.0,501926603549.0
310,ABI,2016,3,1524179452384.0,0.0,621079222728.0,903100229656.0,672742716542.0
311,ABI,2017,3,1702988110179.0,0.0,713736186430.0,989251923749.0,735464655683.0
312,ABI,2018,3,2058887332779.0,0.0,751138971949.0,1307748360830.0,1032821438019.0
313,ABI,2019,3,2483107116208.0,0.0,926838964822.0,1556268151386.0,1192586178744.0
314,ABI,2020,3,2875023051129.0,0.0,1082481410599.0,1792541640530.0,1402126334139.0
315,ABI,2021,3,3315115960850.0,0.0,1345378447356.0,1969737513494.0,1549113658791.0
316,ABI,2022,3,3511263836438.0,0.0,1426491616187.0,2084772220251.0,1642188151805.0
317,ABI,2008,4,489539522312.0,156951832.0,388236190129.0,101303332183.0,51982691342.0
318,ABI,2009,4,592757345964.0,0.0,388556688760.0,204200657204.0,132828037360.0
319,ABI,2010,4,792774693617.0,0.0,417256719594.0,375517974023.0,227643913133.0
320,ABI,2011,4,1564309884996.0,0.0,439455457602.0,1124854427394.0,935807183495.0
321,ABI,2012,4,904083105040.0,0.0,469045634215.0,435037470825.0,274999500711.0
322,ABI,2013,4,966874709114.0,0.0,480779442664.0,486095266450.0,301240568891.0
323,ABI,2014,4,1134712486213.0,0.0,556748461997.0,577964024216.0,405493451842.0
324,ABI,2015,4,1293413068894.0,0.0,587956423115.0,705456645779.0,411527688580.0
325,ABI,2016,4,1544987902463.0,0.0,633591480832.0,911396421631.0,707836110321.0
326,ABI,2017,4,1791663873047.0,0.0,695947327681.0,1095716545366.0,871004043078.0
327,ABI,2018,4,2139748413371.0,0.0,785989045930.0,1353759367441.0,1050987591797.0
328,ABI,2019,4,2569469136645.0,0.0,956294876068.0,1613174260577.0,1302564123482.0
329,ABI,2020,4,2988138222635.0,0.0,1127982981670.0,1860155240965.0,1485982998056.0
330,ABI,2021,4,3311395071285.0,0.0,1324129862158.0,1987265209127.0,1565891195042.0
331,ABI,2022,4,3575994139540.0,0.0,1471503258339.0,2104490881201.0,1635621984077.0
332,PTI,2004,0,360800966247.0,0.0,117662785258.0,243138180989.0,117407448637.0
333,PTI,2005,0,437509495396.0,0.0,110910080920.0,326599414476.0,159428703762.0
334,PTI,2006,0,478937075382.0,0.0,126005787076.0,352931288306.0,173595420332.0
335,PTI,2007,0,504833553454.0,0.0,151216093151.0,353617460303.0,0.0
336,PTI,2008,0,875612953711.0,0.0,480446036869.0,395166916842.0,0.0
337,PTI,2009,0,1013848297372.0,5778266667.0,484438208672.0,524049166008.0,289955869098.0
338,PTI,2010,0,1471753721137.0,100579637334.0,668155471555.0,800309919601.0,401023501117.0
339,PTI,2011,0,1613805794167.0,15959816516.0,664262164792.0,943802552359.0,585419822340.0
340,PTI,2012,0,1658790830778.0,18000000000.0,661783305433.0,992696692526.0,741539486665.0
341,PTI,2013,0,1726339426934.0,3500000000.0,658782972488.0,1066601281823.0,788321334962.0
342,PTI,2014,0,2476409069923.0,737734572.0,674442545540.0,1801071972015.0,1357275986488.0
343,PTI,2015,0,4287962692579.0,2029800000.0,1842437076256.0,2444581849388.0,1847459801370.0
344,PTI,2016,0,4941185781010.0,71702889871.0,1848340052541.0,3091797020311.0,2364649100063.0
345,PTI,2017,0,5398982870331.0,204515350687.0,1900255610992.0,3497695312111.0,2445399337692.0
346,PTI,2018,0,6100723795174.0,134700292045.0,1820379326615.0,4280344468559.0,3032814566037.0
347,PTI,2019,0,7577823669383.0,18442562218.0,1865325283404.0,5707157030013.0,4230586539836.0
348,PTI,2020,0,7787400167901.0,0.0,2003964106850.0,5780039268670.0,4324997793235.0
349,PTI,2021,0,8603899515591.0,0.0,2188238643696.0,6412141823349.0,4793438859592.0
350,PTI,2022,0,8385113591398.0,0.0,1802761489984.0,6578418991943.0,5143056966329.0
351,PTI,2011,1,1533109348904.0,123386814195.0,682932212281.0,846899583636.0,463121095400.0
352,PTI,2012,1,2140411706408.0,20100000000.0,676570658538.0,1458987184826.0,691276218877.0
353,PTI,2013,1,1675483350055.0,25408296560.0,674541569645.0,999478370742.0,793385316950.0
354,PTI,2014,1,2096054968466.0,0.0,678250581854.0,1416860985637.0,1132130229563.0
355,PTI,2015,1,2546891944366.0,0.0,645612835732.0,1900362849029.0,1443191582912.0
356,PTI,2016,1,4427728581116.0,0.0,1888182482889.0,2538587875354.0,1985245692051.0
357,PTI,2017,1,5102187082344.0,82192003030.0,1881800457419.0,3219333911766.0,2424572252965.0
358,PTI,2018,1,5746609261638.0,234246709105.0,1931752201806.0,3813820372951.0,2572542685155.0
359,PTI,2019,1,6733386136692.0,190815487515.0,1851631953284.0,4881754183408.0,3393825003120.0
360,PTI,2020,1,7871879372376.0,88760595673.0,1912162236415.0,5955053834857.0,4350984623567.0
361,PTI,2021,1,8310466025666.0,224354000000.0,2085766308021.0,6221277832092.0,4447224916259.0
362,PTI,2022,1,9116450267537.0,150000000000.0,2214820468355.0,6898098207434.0,5166246726356.0
363,PTI,2023,1,8797625123928.0,300000000000.0,1848754239751.0,6944869558928.0,5100165661614.0
364,PTI,2011,2,1460344015514.0,12040624454.0,636898305452.0,819848669720.0,504461163502.0
365,PTI,2012,2,1688154946234.0,12100000000.0,619345129457.0,1063871543833.0,705319970627.0
366,PTI,2013,2,1724715285987.0,17456862950.0,630689876354.0,1092984184608.0,806657924609.0
367,PTI,2014,2,2203449570442.0,0.0,647198608094.0,1555366236823.0,1193357799932.0
368,PTI,2015,2,3885105834934.0,0.0,662753645338.0,3221416114130.0,1596712445942.0
369,PTI,2016,2,4599133333817.0,0.0,1815762628403.0,2782379475665.0,2129476396494.0
370,PTI,2017,2,5127239808624.0,163814859671.0,1799701155033.0,3326475415794.0,2376159143505.0
371,PTI,2018,2,5802578885319.0,282119360565.0,1830587619974.0,3970953682695.0,2702004674209.0
372,PTI,2019,2,7162663597205.0,203764071862.0,1774738942743.0,5382636388476.0,3705791440868.0
373,PTI,2020,2,7999497502679.0,197324456487.0,1896349876938.0,6098457052154.0,4259722384788.0
374,PTI,2021,2,8368452559054.0,262304000000.0,2021292317601.0,6343712354992.0,4589814865690.0
375,PTI,2022,2,9081995579909.0,248100000000.0,1974191377961.0,7103836869269.0,5114606917914.0
376,PTI,2010,3,1296701783055.0,688000000.0,,,377894844891.0
377,PTI,2011,3,1644011440222.0,18099084629.0,643963379695.0,994883603380.0,688271476899.0
378,PTI,2012,3,1621120926025.0,17600000000.0,636084179234.0,980155832140.0,740262064459.0
379,PTI,2013,3,1704204366995.0,12688000000.0,640610048281.0,1062569351098.0,789971616720.0
380,PTI,2014,3,2281545505005.0,0.0,658880217342.0,1621838701116.0,1249280505508.0
381,PTI,2015,3,4062755913942.0,2029800000.0,1742235882387.0,2319597727359.0,1723057219322.0
382,PTI,2016,3,4688327273753.0,1299999812.0,1848786900368.0,2838597083178.0,2220988882519.0
383,PTI,2017,3,5332375569633.0,89942602215.0,1832886406119.0,3498382493235.0,2530876790958.0
384,PTI,2018,3,6080150590648.0,300625155099.0,1854584259062.0,4224515450085.0,2819744225372.0
385,PTI,2019,3,7340466689438.0,181586757058.0,1801140842555.0,5534064624859.0,3880595770026.0
386,PTI,2020,3,8019906375415.0,238700000000.0,1933194398007.0,6083340840557.0,4262842362755.0
387,PTI,2021,3,8450510916433.0,247304000000.0,2118206820211.0,6328831293703.0,4473446836687.0
388,PTI,2022,3,8736343381121.0,363300000000.0,1806929755097.0,6925407926094.0,5098059547297.0
389,PTI,2004,4,360800966247.0,0.0,117662785258.0,243138180989.0,117407448637.0
390,PTI,2005,4,437509495396.0,0.0,110910080920.0,326599414476.0,159428703762.0
391,PTI,2006,4,478937075382.0,0.0,126005787076.0,352931288306.0,173595420332.0
392,PTI,2007,4,504833553454.0,0.0,151216093151.0,353617460303.0,0.0
393,PTI,2008,4,875612953711.0,0.0,480446036869.0,395166916842.0,0.0
394,PTI,2009,4,1013848297372.0,5778266667.0,484438208672.0,524049166008.0,289955869098.0
395,PTI,2010,4,1473319676159.0,100579637334.0,669280831285.0,800560896665.0,401023501117.0
396,PTI,2011,4,1630995077049.0,15959816516.0,672773590804.0,952407983084.0,584509825524.0
397,PTI,2012,4,1657227848966.0,18000000000.0,662515016034.0,991013743130.0,741004628571.0
398,PTI,2013,4,1726510982983.0,3500000000.0,658899286452.0,1066631305096.0,788321334962.0
399,PTI,2014,4,2552411053817.0,737734572.0,673173981755.0,1878362422278.0,1357275986488.0
400,PTI,2015,4,4286280477724.0,2029800000.0,1843080913477.0,2442241604864.0,1847459801370.0
401,PTI,2016,4,4938415048304.0,70000000000.0,1853371409889.0,3084100772140.0,2364649100063.0
402,PTI,2017,4,5402494023415.0,204515350687.0,1899907358906.0,3501451944899.0,2458938512054.0
403,PTI,2018,4,6100723795174.0,134700292045.0,1820379326615.0,4280344468559.0,3032814566037.0
404,PTI,2019,4,7577823669383.0,18442562218.0,1865325283404.0,5707157030013.0,4230586539836.0
405,PTI,2020,4,7787400167901.0,0.0,2003964106850.0,5780039268670.0,4324997793235.0
406,PTI,2021,4,8603899515591.0,0.0,2188238643696.0,6412141823349.0,4793438859592.0
407,PTI,2022,4,8385113591398.0,0.0,1802761489984.0,6578418991943.0,5143056966329.0
408,BIC,2005,0,114528742000.0,0.0,71352664000.0,43176078000.0,31030260000.0
409,BIC,2006,0,316980467000.0,40000000000.0,210350192000.0,106630275000.0,35066609000.0
410,BIC,2007,0,720020081300.0,0.0,520354561329.0,199665519971.0,87905775669.0
411,BIC,2008,0,1746106725477.0,0.0,443635224752.0,1302471500725.0,148859297484.0
412,BIC,2009,0,1813014979852.0,0.0,518681446420.0,1294333533432.0,158145609474.0
413,BIC,2010,0,2498435988413.0,0.0,680273578050.0,1818162410363.0,223886878993.0
414,BIC,2011,0,1870011453226.0,542138757.0,751239247685.0,1118772205541.0,257461521600.0
415,BIC,2012,0,1564671460558.0,0.0,762610763919.0,802060696639.0,475963594507.0
416,BIC,2013,0,1755768935534.0,0.0,797520635778.0,932053267257.0,411655663595.0
417,BIC,2014,0,3066760133186.0,0.0,909333234473.0,2124058035132.0,1474244088900.0
418,BIC,2015,0,4344249405850.0,0.0,1993142384624.0,2307311831739.0,1710897736695.0
419,BIC,2016,0,4474538081289.0,0.0,2031403562850.0,2391471742610.0,1729729626589.0
420,BIC,2017,0,4716493878106.0,0.0,2072459692746.0,2610179921682.0,1909037898144.0
421,BIC,2018,0,5133417813552.0,0.0,2142700887382.0,2990716926172.0,2125948741241.0
422,BIC,2019,0,5495639573731.0,17910873317.0,2229954431361.0,3240605038342.0,2351146142075.0
423,BIC,2020,0,5811547514270.0,0.0,2401166421562.0,3383336245976.0,2433599623570.0
424,BIC,2021,0,6071217343207.0,0.0,2592333737291.0,3450532680331.0,2404880968085.0
425,BIC,2022,0,6592373367039.0,0.0,2659191561093.0,3905902371311.0,2761424517264.0
426,BIC,2011,1,1285568782154.0,0.0,700425721028.0,585143061126.0,239295457770.0
427,BIC,2012,1,1799436261794.0,0.0,773092413079.0,1026343848715.0,280645369208.0
428,BIC,2013,1,1548654685161.0,45000000000.0,781581906794.0,767072778367.0,327327844560.0
429,BIC,2014,1,2423619905884.0,0.0,842486220116.0,1553239467829.0,1049870979514.0
430,BIC,2015,1,3203739047163.0,0.0,939828882235.0,2228070938457.0,1582980884743.0
431,BIC,2016,1,4675348819815.0,0.0,2029048888204.0,2600362500114.0,1877865771471.0
432,BIC,2017,1,5173147208443.0,0.0,2076364266663.0,3044613853093.0,2280106408800.0
433,BIC,2018,1,5018942908775.0,0.0,2122058038322.0,2864755556262.0,2155689083406.0
434,BIC,2019,1,5225268256220.0,0.0,2163240168151.0,3032381544788.0,2144950121581.0
435,BIC,2020,1,5496932151531.0,0.0,2278643850692.0,3193089854503.0,2299643090329.0
436,BIC,2021,1,5950323869512.0,0.0,2471380362064.0,3451156515377.0,2464847497240.0
437,BIC,2022,1,6244099082291.0,0.0,2639549250855.0,3576003699693.0,2571289729940.0
438,BIC,2023,1,7309508589112.0,5194637.0,2710626173688.0,4578280185268.0,3209535813418.0
439,BIC,2011,2,2344348773276.0,0.0,713603703704.0,1630745069572.0,263004577319.0
440,BIC,2012,2,2383858705462.0,0.0,725279826394.0,1658578879068.0,531807285606.0
441,BIC,2013,2,1609973447697.0,40000000000.0,742323606425.0,867649841272.0,368016243479.0
442,BIC,2014,2,2761857546185.0,0.0,863137099166.0,1868372788801.0,1285613281553.0
443,BIC,2015,2,3277279291380.0,0.0,881214098486.0,2356808088597.0,1581948525812.0
444,BIC,2016,2,4563632901656.0,0.0,1986839209872.0,2528499353694.0,1793403288904.0
445,BIC,2017,2,5001029320306.0,0.0,2013402663696.0,2935118795020.0,2139795864985.0
446,BIC,2018,2,5148606911969.0,0.0,2080146604541.0,3036707334384.0,2039553011226.0
447,BIC,2019,2,5498886035171.0,0.0,2137654655038.0,3332704914936.0,2303793994367.0
448,BIC,2020,2,5802612899232.0,0.0,2279618563270.0,3497116690371.0,2437976259879.0
449,BIC,2021,2,6318000841578.0,0.0,2406148876697.0,3886161644025.0,2798886344248.0
450,BIC,2022,2,6589176203160.0,0.0,2493094888969.0,4068303701921.0,2771109702455.0
451,BIC,2010,3,3053874392466.0,0.0,545489364760.0,2508385027706.0,202792815285.0
452,BIC,2011,3,2948296513190.0,0.0,732795267834.0,2215501245356.0,260381905785.0
453,BIC,2012,3,1907905459004.0,0.0,749685785810.0,1158219673194.0,397296658707.0
454,BIC,2013,3,1699555576516.0,0.0,777342173360.0,896573598946.0,391833988950.0
455,BIC,2014,3,2842465045362.0,0.0,892280597646.0,1918311715828.0,1311221871724.0
456,BIC,2015,3,4215770953706.0,0.0,887831894652.0,3286741046947.0,1634031209170.0
457,BIC,2016,3,4633059046750.0,0.0,2020687069153.0,2562992563473.0,1760829757451.0
458,BIC,2017,3,4677112254515.0,0.0,2036798099192.0,2584809180786.0,1819954011422.0
459,BIC,2018,3,5050127003851.0,0.0,2121368843654.0,2901137489196.0,2008995775736.0
460,BIC,2019,3,5409021140753.0,0.0,2198964902865.0,3184497591909.0,2314101427074.0
461,BIC,2020,3,5775296631182.0,0.0,2348865491925.0,3399466018844.0,2379294551124.0
462,BIC,2021,3,6283807767689.0,0.0,2499394661135.0,3758014344140.0,2701761525422.0
463,BIC,2022,3,6589520960948.0,0.0,2533847873753.0,4027943289089.0,2727304619891.0
464,BIC,2005,4,114528742000.0,0.0,71352664000.0,43176078000.0,31030260000.0
465,BIC,2006,4,316980467000.0,40000000000.0,210350192000.0,106630275000.0,35066609000.0
466,BIC,2007,4,720020081300.0,0.0,520354561329.0,199665519971.0,87905775669.0
467,BIC,2008,4,1746106725477.0,0.0,443635224752.0,1302471500725.0,148859297484.0
468,BIC,2009,4,1813014979852.0,0.0,518681446420.0,1294333533432.0,158145609474.0
469,BIC,2010,4,2498435988413.0,0.0,680273578050.0,1818162410363.0,223886878993.0
470,BIC,2011,4,1871559439063.0,0.0,751167624352.0,1120391814711.0,251746152711.0
471,BIC,2012,4,1565131733979.0,0.0,762969466387.0,802162267592.0,477699865839.0
472,BIC,2013,4,1751252585857.0,0.0,798501927467.0,927928280312.0,411244895824.0
473,BIC,2014,4,3066760133186.0,0.0,905401997829.0,2127989271776.0,78553699729.0
474,BIC,2015,4,4316791866425.0,0.0,1995140388677.0,2277513213861.0,1703354967021.0
475,BIC,2016,4,4481279928847.0,0.0,2042210888031.0,2387260708370.0,1740539394699.0
476,BIC,2017,4,4716493878106.0,0.0,2072459692746.0,2610179921682.0,1909037898144.0
477,BIC,2018,4,5133417813552.0,0.0,2142700887382.0,2990716926172.0,2125948741241.0
478,BIC,2019,4,5546132956102.0,10000000000.0,2207230554250.0,3313921076038.0,2385979275993.0
479,BIC,2020,4,5811547514270.0,0.0,2401166421562.0,3383336245976.0,2433599623570.0
480,BIC,2021,4,6071217343207.0,0.0,2592333737291.0,3450532680331.0,2404880968085.0
481,BIC,2022,4,6592373367039.0,0.0,2659191561093.0,3905902371311.0,2761424517264.0
482,PGI,2005,0,499981600725.0,0.0,110109592143.0,389872008582.0,0.0
483,PGI,2006,0,581014290477.0,0.0,193011793270.0,388002497207.0,0.0
484,PGI,2007,0,705119988962.0,0.0,198765459237.0,506354529725.0,0.0
485,PGI,2008,0,1014885810321.0,0.0,414338286984.0,600547523337.0,0.0
486,PGI,2009,0,1234557096771.0,0.0,419223895917.0,815333200854.0,561153916628.0
487,PGI,2010,0,1700122179461.0,6474839159.0,816407770030.0,883714409431.0,711477198755.0
488,PGI,2011,0,199314609774.0,0.0,853645624386.0,1139501985388.0,855675763666.0
489,PGI,2012,0,2074543565193.0,0.0,860491421568.0,1214052143625.0,964739161391.0
490,PGI,2013,0,2402376647696.0,0.0,839425682820.0,1562950964876.0,1158086402630.0
491,PGI,2014,0,3647255365610.0,0.0,873717489904.0,2773537875706.0,2227693397333.0
492,PGI,2015,0,3713354221941.0,0.0,799947928825.0,2913406293116.0,2240109247041.0
493,PGI,2016,0,4293072050293.0,0.0,946036725082.0,3347035325211.0,2572013147420.0
494,PGI,2017,0,5019471650489.0,0.0,1508224520939.0,3511247129550.0,2665952209468.0
495,PGI,2018,0,5360629188288.0,0.0,1530708431255.0,3829920757033.0,2802302232217.0
496,PGI,2019,0,5842838711949.0,0.0,1584544467064.0,4258294244885.0,3165982830933.0
497,PGI,2020,0,6110226098543.0,0.0,1542983129660.0,4567242968883.0,3484600974458.0
498,PGI,2021,0,6366530363786.0,0.0,1847742135199.0,4518788228587.0,3481173944126.0
499,PGI,2022,0,6761973416591.0,0.0,1850989130919.0,4910984285672.0,3731683790354.0
500,PGI,2012,1,2068377526788.0,0.0,876419177935.0,1191958348853.0,865778538588.0
501,PGI,2013,1,2212888791872.0,0.0,782188382163.0,1430700409709.0,1084281582227.0
502,PGI,2014,1,2949529232012.0,250000000.0,858330310510.0,2091198921502.0,1691372407033.0
503,PGI,2015,1,3747929724914.0,0.0,863101486746.0,2884828238168.0,2306855669969.0
504,PGI,2016,1,3741172682229.0,0.0,846437989313.0,2894734692916.0,2245814004382.0
505,PGI,2017,1,4216915161291.0,0.0,905554680953.0,3311360480338.0,2507960147656.0
506,PGI,2018,1,5000720437596.0,0.0,1433086671933.0,3567633765663.0,2660343196200.0
507,PGI,2019,1,5600905348784.0,0.0,1461717146891.0,4139188201893.0,3075997602534.0
508,PGI,2020,1,5974928776080.0,0.0,1505964932053.0,4468963844027.0,3275941597710.0
509,PGI,2021,1,6669171913294.0,0.0,1597322154688.0,5071849758606.0,3899382747816.0
510,PGI,2022,1,6748057353502.0,0.0,1911475844775.0,4836581508727.0,3786576077522.0
511,PGI,2023,1,6875628365377.0,8237442229.0,1835240220702.0,5040388144675.0,3684289312275.0
512,PGI,2011,2,1841207142455.0,0.0,842047677006.0,999159465449.0,777638192524.0
513,PGI,2012,2,1998816424104.0,0.0,814606851172.0,1184209572932.0,895375540078.0
514,PGI,2013,2,2351940077103.0,0.0,778704521154.0,1573235555949.0,1134239782545.0
515,PGI,2014,2,3496351741814.0,0.0,825982752158.0,2670368989656.0,2177425220921.0
516,PGI,2015,2,3736555417628.0,0.0,859969414046.0,2876586003582.0,2322536412670.0
517,PGI,2016,2,3941076945239.0,0.0,908483820188.0,3032593125051.0,2323733903725.0
518,PGI,2017,2,4261663026210.0,0.0,942905851697.0,3318757174513.0,2552037339028.0
519,PGI,2018,2,5261001509335.0,0.0,1469356641097.0,3791644868238.0,2882809594988.0
520,PGI,2019,2,5645822056075.0,0.0,1501926990677.0,4143895065398.0,3065908769130.0
521,PGI,2020,2,6230064818173.0,0.0,1570781043747.0,4659283774426.0,3485928292656.0
522,PGI,2021,2,6516557440415.0,0.0,1675865779739.0,4840691660676.0,3700663644644.0
523,PGI,2022,2,6932834850830.0,0.0,1888073563636.0,5044761287194.0,3944826987140.0
524,PGI,2011,3,1946925939900.0,0.0,841143461083.0,1105782478817.0,776955328414.0
525,PGI,2012,3,2054768939135.0,0.0,841125289379.0,1213643649756.0,916483031923.0
526,PGI,2013,3,2484321590762.0,0.0,805040696531.0,1679280894231.0,1102640477978.0
527,PGI,2014,3,3513081154163.0,0.0,846073736808.0,2667007417355.0,2192084916678.0
528,PGI,2015,3,3690259986560.0,0.0,875996231476.0,2814263755084.0,2245115084784.0
529,PGI,2016,3,4174504151094.0,0.0,930205802194.0,3244298348900.0,2517608371928.0
530,PGI,2017,3,4778751742642.0,0.0,1482740803792.0,3296010938850.0,2543065153099.0
531,PGI,2018,3,5338211881254.0,0.0,1497467113834.0,3840744767420.0,2878023943182.0
532,PGI,2019,3,5729512915893.0,0.0,1535782853798.0,4193730062095.0,3180930631113.0
533,PGI,2020,3,6172597832875.0,0.0,1594322889001.0,4578274943874.0,3481046381000.0
534,PGI,2021,3,6800843798640.0,0.0,1763461447096.0,5037382351544.0,3854480897814.0
535,PGI,2022,3,6657534914924.0,0.0,1897026562394.0,4760508352530.0,3748891831389.0
536,PGI,2005,4,499981600725.0,0.0,110109592143.0,389872008582.0,0.0
537,PGI,2006,4,581014290477.0,0.0,193011793270.0,388002497207.0,0.0
538,PGI,2007,4,705119988962.0,0.0,198765459237.0,506354529725.0,0.0
539,PGI,2008,4,1014885810321.0,0.0,414338286984.0,600547523337.0,0.0
540,PGI,2009,4,1234557096771.0,0.0,419223895917.0,815333200854.0,561153916628.0
541,PGI,2010,4,1700122179461.0,6474839159.0,816407770030.0,883714409431.0,711477198755.0
542,PGI,2011,4,1993147609774.0,0.0,855523491609.0,1137624118165.0,855675763666.0
543,PGI,2012,4,2074543565193.0,0.0,860191044136.0,1214352521057.0,964739161391.0
544,PGI,2013,4,2402376647696.0,0.0,839425682820.0,1562950964876.0,1158086402630.0
545,PGI,2014,4,3647255365610.0,0.0,873717489904.0,2773537875706.0,2227693397333.0
546,PGI,2015,4,3713354221941.0,0.0,823242287406.0,2890111934535.0,1143214746000.0
547,PGI,2016,4,4293072050293.0,0.0,947104854823.0,3345967195470.0,2572013147420.0
548,PGI,2017,4,5016124163949.0,0.0,1508224520939.0,3507899643010.0,2669707176698.0
549,PGI,2018,4,5360629188288.0,0.0,1530708431255.0,3829920757033.0,2802302232217.0
550,PGI,2019,4,5842838711949.0,0.0,1584544467064.0,4258294244885.0,3165982830933.0
551,PGI,2020,4,6110226098543.0,0.0,1542983129660.0,4567242968883.0,3484600974458.0
552,PGI,2021,4,6366530363786.0,0.0,1847742135199.0,4518788228587.0,3481173944126.0
553,PGI,2022,4,6761973416591.0,0.0,1850989130919.0,4910984285672.0,3731683790354.0
554,BLI,2007,0,292013956902.0,0.0,188353322364.0,103660634538.0,76050000000.0
555,BLI,2008,0,297592593659.0,0.0,170992413946.0,126600179713.0,111550000000.0
556,BLI,2009,0,381741167466.0,0.0,184405035584.0,197336131882.0,164920086306.0
557,BLI,2010,0,596384464317.0,0.0,345488806899.0,250895657418.0,184911062464.0
558,BLI,2011,0,729465144688.0,0.0,325448337202.0,404016807486.0,272300454460.0
559,BLI,2012,0,763792995910.0,0.0,355795979447.0,407997016463.0,253303371552.0
560,BLI,2013,0,787419814781.0,0.0,371861061191.0,415558753590.0,242783956513.0
561,BLI,2014,0,1058796132415.0,0.0,374133657337.0,684662475078.0,0.0
562,BLI,2015,0,0.0,0.0,436517071075.0,823379436635.0,519036030567.0
563,BLI,2016,0,1429640636108.0,0.0,544651296399.0,884989339709.0,633866376338.0
564,BLI,2017,0,1662027767755.0,0.0,645877761796.0,1016150005959.0,750593980057.0
565,BLI,2018,0,1828599343927.0,0.0,666749572459.0,1161849771468.0,787279379398.0
566,BLI,2019,0,2004433443740.0,0.0,675142536993.0,1329290906747.0,825181810207.0
567,BLI,2020,0,2272704870871.0,0.0,690208126057.0,1582496744814.0,1018709538750.0
568,BLI,2021,0,2290574453897.0,0.0,732302465073.0,1558271988824.0,976911410055.0
569,BLI,2022,0,2522688735113.0,0.0,748291728080.0,1774397007033.0,1081294385148.0
570,BLI,2016,1,1287075497914.0,0.0,458260760262.0,828814737652.0,513464214146.0
571,BLI,2017,1,1401594551290.0,0.0,552703268104.0,848891283186.0,555081918082.0
572,BLI,2018,1,1707777301344.0,0.0,665636412970.0,1042140888374.0,761886852494.0
573,BLI,2019,1,1896776267913.0,0.0,716135696542.0,1180640571371.0,783816817936.0
574,BLI,2020,1,1991904225124.0,0.0,689007243379.0,1302896981745.0,843117363867.0
575,BLI,2021,1,2187819386011.0,0.0,747277001794.0,1440542384217.0,1004017587220.0
576,BLI,2022,1,2462291199641.0,0.0,860316303657.0,1601974895984.0,1012138253854.0
577,BLI,2023,1,2460191452532.0,0.0,772517889219.0,1687673563313.0,1044545924915.0
578,BLI,2013,2,752934776706.0,0.0,365897696676.0,387037080030.0,217311362083.0
579,BLI,2014,2,967944706848.0,0.0,367503245899.0,600441460949.0,426928705614.0
580,BLI,2015,2,1140210535403.0,0.0,425712688329.0,714497847074.0,499328633946.0
581,BLI,2016,2,1294723811647.0,0.0,567577650028.0,727146161619.0,520441465066.0
582,BLI,2017,2,1609441783720.0,0.0,644919106702.0,964522677018.0,720676616593.0
583,BLI,2018,2,1701848449918.0,0.0,669360436419.0,1032488013499.0,717249232450.0
584,BLI,2019,2,1907695991044.0,0.0,702843753466.0,1204852237578.0,764427757934.0
585,BLI,2020,2,2070967674456.0,0.0,687530818065.0,1383436856391.0,835924515614.0
586,BLI,2021,2,2145982298554.0,0.0,711910649919.0,1434071648635.0,959464105662.0
587,BLI,2022,2,2465676216228.0,0.0,736338105114.0,1729338111114.0,1090824342671.0
588,BLI,2016,3,1252407825856.0,0.0,589697436718.0,662710389138.0,449365761764.0
589,BLI,2017,3,1611951534705.0,0.0,674280831094.0,937670703611.0,683909969198.0
590,BLI,2018,3,1760159272585.0,0.0,715497334552.0,1044661938033.0,713366177322.0
591,BLI,2019,3,1950891756870.0,0.0,736284785487.0,1214606971383.0,761411682841.0
592,BLI,2020,3,2050594946064.0,0.0,725947746159.0,1324647199905.0,849140146109.0
593,BLI,2021,3,2160876219207.0,0.0,761514300255.0,1399361918952.0,856793210618.0
594,BLI,2022,3,2473195176880.0,0.0,790339299149.0,1682855877731.0,1041223029495.0
595,BLI,2007,4,292013956902.0,0.0,188353322364.0,103660634538.0,76050000000.0
596,BLI,2008,4,297592593659.0,0.0,170992413946.0,126600179713.0,111550000000.0
597,BLI,2009,4,381741167466.0,0.0,184405035584.0,197336131882.0,164920086306.0
598,BLI,2010,4,596384464317.0,0.0,345488806899.0,250895657418.0,184911062464.0
599,BLI,2011,4,729465144688.0,0.0,325448337202.0,404016807486.0,272300454460.0
600,BLI,2012,4,763792995910.0,0.0,355795979447.0,407997016463.0,253303371552.0
601,BLI,2013,4,787419814781.0,0.0,371861061191.0,415558753590.0,242783956513.0
602,BLI,2014,4,1058796132415.0,0.0,374133657337.0,684662475078.0,0.0
603,BLI,2015,4,0.0,0.0,436517071075.0,823379436635.0,519036030567.0
604,BLI,2016,4,1293717550439.0,0.0,550075490523.0,743642059916.0,504447827338.0
605,BLI,2017,4,1675051315738.0,0.0,654250690713.0,1020800625025.0,752035479996.0
606,BLI,2018,4,1828599343927.0,0.0,666749572459.0,1161849771468.0,787279379398.0
607,BLI,2019,4,2004433443740.0,0.0,675142536993.0,1329290906747.0,825181810207.0
608,BLI,2020,4,2272704870871.0,0.0,690208126057.0,1582496744814.0,1018709538750.0
609,BLI,2021,4,2290574453897.0,0.0,732302465073.0,1558271988824.0,976911410055.0
610,BLI,2022,4,2522688735113.0,0.0,748291728080.0,1774397007033.0,1081294385148.0
611,MIG,2015,0,2255325423256.0,219091470239.0,550077831348.0,1697483973504.0,913455310273.0
612,MIG,2016,0,2949899089983.0,241002843898.0,846797452713.0,2095923924491.0,1166306460235.0
613,MIG,2017,0,3013480368912.0,208371547925.0,883029708313.0,2123206774445.0,1490293918692.0
614,MIG,2018,0,3675783855604.0,80618971283.0,989183357630.0,2686600497974.0,1622644654403.0
615,MIG,2019,0,4969860073602.0,68390722127.0,1484218699037.0,3485641374565.0,2029595704697.0
616,MIG,2020,0,5523112707317.0,0.0,1547390403254.0,3975722304063.0,2303423717060.0
617,MIG,2021,0,6595158005563.0,0.0,1759341147604.0,4835816857959.0,2940892196383.0
618,MIG,2022,0,8545071224870.0,0.0,1902795151116.0,6642276073754.0,3852943656948.0
619,MIG,2017,1,3013645150465.0,236397809081.0,857355236412.0,2149100830098.0,1211816321265.0
620,MIG,2018,1,3187527502595.0,226610970490.0,895049060550.0,2285237242306.0,1540512049908.0
621,MIG,2019,1,4408846821687.0,115586740817.0,1018670860047.0,3390175961640.0,1612417084706.0
622,MIG,2020,1,5122656066779.0,99657290739.0,1512093148859.0,3610562917920.0,2161268182239.0
623,MIG,2021,1,5587007990967.0,0.0,1577331321814.0,4009676669153.0,2459387991541.0
624,MIG,2022,1,7277478442447.0,0.0,1818082863450.0,5459395578997.0,3293115496985.0
625,MIG,2023,1,8705414884126.0,0.0,1966404454199.0,6739010429927.0,3857616373979.0
626,MIG,2017,2,3281750463892.0,255243351581.0,897931803700.0,2376602725438.0,1262103603981.0
627,MIG,2018,2,3495239762907.0,253041531544.0,957030664072.0,2531330222560.0,1453626127613.0
628,MIG,2019,2,4658720925148.0,175120928305.0,1430799040811.0,3227921884337.0,1788227950289.0
629,MIG,2020,2,5205196669881.0,0.0,1434133738731.0,3771062931150.0,2288384565713.0
630,MIG,2021,2,5930177599111.0,0.0,1652514230648.0,4277663368463.0,2492716069599.0
631,MIG,2022,2,8096205108076.0,0.0,1831224070971.0,6264981037105.0,3700523273740.0
632,MIG,2017,3,3404840141852.0,264486480905.0,903896370127.0,2493715589653.0,1348043743240.0
633,MIG,2018,3,3622897564559.0,150148361952.0,960333881867.0,2662563682692.0,1556066940727.0
634,MIG,2019,3,4633679539290.0,64710076280.0,1457942263397.0,3175737275893.0,1826522450417.0
635,MIG,2020,3,5288669978141.0,0.0,1451522803788.0,3837147174353.0,2358373019638.0
636,MIG,2021,3,6354441858920.0,0.0,1683927931931.0,4670513926989.0,2811241971049.0
637,MIG,2022,3,8229876624286.0,0.0,1879846186570.0,6350030437716.0,3642359952338.0
638,MIG,2015,4,2255325423256.0,219091470239.0,550077831348.0,1697483973504.0,913455310273.0
639,MIG,2016,4,2949899089983.0,241002843898.0,846797452713.0,2095923924491.0,1166306460235.0
640,MIG,2017,4,3016134522829.0,208371547925.0,883029708313.0,2125860928362.0,1490293918692.0
641,MIG,2018,4,3675783855604.0,80618971283.0,989183357630.0,2686600497974.0,1622644654403.0
642,MIG,2019,4,4969860073602.0,68390722127.0,1484218699037.0,3485641374565.0,2029595704697.0
643,MIG,2020,4,5523112707317.0,0.0,1547390403254.0,3975722304063.0,2303423717060.0
644,MIG,2021,4,6595158005563.0,0.0,1759341147604.0,4835816857959.0,2940892196383.0
645,MIG,2022,4,8545071224870.0,0.0,1902795151116.0,6642276073754.0,3852943656948.0
646,PRE,2015,0,3512769020515.0,0.0,746611175197.0,2766157845318.0,1942853084911.0
647,PRE,2016,0,3444498838897.0,0.0,776939121292.0,2667559717605.0,1976369648987.0
648,PRE,2017,0,3516718643192.0,0.0,771717222975.0,2745001420217.0,2013876979168.0
649,PRE,2018,0,3796361223343.0,0.0,847390324726.0,2948970898617.0,2207251596425.0
650,PRE,2019,0,4489688003178.0,0.0,865878057766.0,3623809945412.0,2812126036338.0
651,PRE,2020,0,4527243532906.0,0.0,945134330925.0,3582109201981.0,2804649462270.0
652,PRE,2021,0,5026004674450.0,0.0,900168812609.0,4125835861841.0,3229248135382.0
653,PRE,2022,0,5941579496595.0,0.0,928993071250.0,5012586425345.0,3478452519866.0
654,PRE,2020,1,4668070025677.0,0.0,864019975830.0,3804050049847.0,2882035807984.0
655,PRE,2021,1,4636104149136.0,0.0,910920314065.0,3725183835071.0,2854649189312.0
656,PRE,2022,1,5347055204455.0,21813379070.0,948623275825.0,4398431928630.0,3237594803134.0
657,PRE,2023,1,6318617973803.0,170034149294.0,926203911395.0,5392414062408.0,3532540154662.0
658,PRE,2020,2,4498940650066.0,0.0,877328806761.0,3621611843305.0,2732339874309.0
659,PRE,2021,2,4787162786000.0,0.0,936564841515.0,3850597944485.0,2882732294613.0
660,PRE,2022,2,5432336429317.0,121667265940.0,930184369029.0,4502152060288.0,3289827801422.0
661,PRE,2020,3,4526100943945.0,0.0,905594622037.0,3620506321908.0,2596116184869.0
662,PRE,2021,3,4876248943899.0,0.0,909411654123.0,3966837289776.0,2886405337975.0
663,PRE,2022,3,5583673970844.0,99853886870.0,938637455585.0,4645036515259.0,3395539742839.0
664,PRE,2017,4,3516718643192.0,0.0,771717222975.0,2745001420217.0,2013876979168.0
665,PRE,2019,4,4489688003178.0,0.0,865878057766.0,3623809945412.0,2812126036338.0
666,PRE,2020,4,4527243532906.0,0.0,945134330925.0,3582109201981.0,2804649462270.0
667,PRE,2021,4,5026004674450.0,0.0,900168812609.0,4125835861841.0,3229248135382.0
668,PRE,2022,4,5941579496595.0,0.0,928993071250.0,5012586425345.0,3478452519866.0
669,AIC,2016,0,1075159077283.0,0.0,516343638690.0,558815438593.0,394575368467.0
670,AIC,2017,0,1681938106794.0,79546608317.0,826455628722.0,855482478072.0,554153209146.0
671,AIC,2018,0,1940949452681.0,0.0,816904283085.0,1124045169596.0,822748667395.0
672,AIC,2019,0,2076164403947.0,0.0,824691974431.0,1251472429516.0,933392377957.0
673,AIC,2020,0,2920749774967.0,0.0,1035064733217.0,1885685041750.0,1390945534645.0
674,AIC,2021,0,3468896838902.0,0.0,1051404163769.0,2417492675133.0,1727543585595.0
675,AIC,2022,0,3728607263356.0,0.0,1072367443136.0,2656239820220.0,1875901122888.0
676,AIC,2018,1,1663821694134.0,0.0,820461703164.0,843359990970.0,598821027541.0
677,AIC,2019,1,1984016999713.0,0.0,817195614424.0,1166821385289.0,871426926065.0
678,AIC,2020,1,2159492119705.0,0.0,789436540344.0,1370055579361.0,1031925150875.0
679,AIC,2021,1,2981146503658.0,0.0,1036782924691.0,1944363578967.0,1506865299557.0
680,AIC,2022,1,3674485059275.0,0.0,1068603361033.0,2605881698242.0,1792601007716.0
681,AIC,2023,1,3820573804882.0,0.0,1077121708241.0,2743452096641.0,1820544308993.0
682,AIC,2018,2,1781742951653.0,0.0,778007138627.0,1003735813026.0,731604641315.0
683,AIC,2019,2,1994087007339.0,0.0,819776034047.0,1174310973292.0,853224145246.0
684,AIC,2020,2,2379369487037.0,0.0,827861435084.0,1551508051953.0,1162428266687.0
685,AIC,2021,2,3115923888957.0,0.0,1038258503238.0,2077665385719.0,1525304788368.0
686,AIC,2022,2,3853773198643.0,0.0,1086077098800.0,2767696099843.0,1930818418304.0
687,AIC,2018,3,1833717667769.0,0.0,787672021228.0,1046045646541.0,764323151705.0
688,AIC,2019,3,2023262822900.0,0.0,818723942311.0,1204538880589.0,879264431988.0
689,AIC,2020,3,2515541925233.0,0.0,828714782292.0,1686827142941.0,1289264491407.0
690,AIC,2021,3,3091385887261.0,0.0,1047943023513.0,2043442863748.0,1528214322745.0
691,AIC,2022,3,3783020746668.0,0.0,1061689023954.0,2721331722714.0,1916504458705.0
692,AIC,2017,4,1681938106794.0,79546608317.0,826455628722.0,855482478072.0,554153209146.0
693,AIC,2018,4,1926119325069.0,0.0,815503912918.0,1110615412151.0,820510163335.0
694,AIC,2019,4,2076882874783.0,0.0,824750239328.0,1252132635455.0,933470163221.0
695,AIC,2020,4,2920749774967.0,0.0,1035064733217.0,1885685041750.0,1390945534645.0
696,AIC,2021,4,3468896838902.0,0.0,1051404163769.0,2417492675133.0,1727543585595.0
697,AIC,2022,4,3728607263356.0,0.0,1072367443136.0,2656239820220.0,1875901122888.0
