,Symbol,Year,Quarter,Assets,Debt,Equity,Loans
0,SSI,2014,0,8914435465737.0,0.0,5773805744525.0,
1,SSI,2015,0,13397481403920.0,4601347967537.0,6727609014290.0,
2,SSI,2016,0,13227969251704.0,5394992344750.0,7152567156682.0,3779178042796.0
3,SSI,2017,0,18764375171848.0,9273059330345.0,8616249695902.0,5764072330098.0
4,SSI,2018,0,23825626725361.0,12516479145400.0,9155664527633.0,5966651185939.0
5,SSI,2019,0,27044115024913.0,16656164101627.0,9401059780205.0,5359342228084.0
6,SSI,2020,0,35769528008240.0,24498017503183.0,9872797052319.0,9226158205627.0
7,SSI,2021,0,50793056562082.0,31120908370195.0,14220082730148.0,23697887241454.0
8,SSI,2022,0,52226382886481.0,27892289728472.0,22383881964660.0,11057163090177.0
9,SSI,2016,1,12521329548847.0,4989350558408.0,6860458957576.0,3772131876731.0
10,SSI,2017,1,14964437294047.0,6174792402323.0,8446304970935.0,3956176081591.0
11,SSI,2018,1,20873471809713.0,10041139601838.0,9010467845824.0,7406118232645.0
12,SSI,2019,1,25031547530915.0,13653171418211.0,9370891277310.0,5995588129898.0
13,SSI,2020,1,27499507125665.0,16916990202387.0,9280116093365.0,4009405337496.0
14,SSI,2021,1,37623298592745.0,24227119987945.0,11447215220302.0,11122707493640.0
15,SSI,2022,1,50081417987976.0,33131491372373.0,15068014323538.0,21202912157923.0
16,SSI,2023,1,52708904888210.0,28207391544425.0,22972753148755.0,11118250784466.0
17,SSI,2016,2,13506909623028.0,5983247046853.0,7079585169783.0,4383735998455.0
18,SSI,2017,2,16390420672126.0,6753071234545.0,8803593393045.0,4195715448277.0
19,SSI,2018,2,20473040563831.0,9854959983198.0,9148792338440.0,5884564934375.0
20,SSI,2019,2,27241182243476.0,15820014802640.0,9488132103112.0,6287089580007.0
21,SSI,2020,2,25926469617946.0,15110137338478.0,9803542308813.0,3979491363017.0
22,SSI,2021,2,41909854337867.0,27578086826578.0,11399851259045.0,16158911563003.0
23,SSI,2022,2,43271692294652.0,25754560879629.0,14366748071135.0,14723785288602.0
24,SSI,2016,3,13915291156091.0,5948996954071.0,7438507957719.0,3982582192817.0
25,SSI,2017,3,17352425870701.0,7586748014849.0,8902593302351.0,4729076767590.0
26,SSI,2018,3,23412587559962.0,11936991415085.0,9512059781711.0,5429217683488.0
27,SSI,2019,3,25682773499829.0,14644917220429.0,9723541729786.0,5365596534448.0
28,SSI,2020,3,26932953047080.0,16441035016045.0,9496490331467.0,4710796845532.0
29,SSI,2021,3,47603599899089.0,34213353020925.0,12077936585211.0,18292870393717.0
30,SSI,2022,3,45436360097588.0,21404966597435.0,22161805999290.0,15592920312404.0
31,SSI,2014,4,8914435465737.0,0.0,5773805744525.0,
32,SSI,2015,4,13397481403920.0,4601347967537.0,6727609014290.0,
33,SSI,2016,4,13227969251704.0,5394992344750.0,7073465972471.0,3779178042796.0
34,SSI,2017,4,18764375171848.0,9273059330345.0,8616249695902.0,5764072330098.0
35,SSI,2018,4,23825626725361.0,12516479145400.0,9155664527633.0,5966651185939.0
36,SSI,2019,4,27044115024913.0,16656164101627.0,9401059780205.0,5359342228084.0
37,SSI,2020,4,35769528008239.0,24498017503183.0,9872797052319.0,9226158205627.0
38,SSI,2021,4,50793056562082.0,31120908370195.0,14220082730148.0,23697887241454.0
39,SSI,2022,4,52226382886481.0,27892289728472.0,22383881964660.0,11057163090177.0
40,BVS,2014,0,1883734671165.0,0.0,1341205921867.0,
41,BVS,2015,0,2108291107867.0,29150839917.0,1450739880694.0,
42,BVS,2016,0,1855255471025.0,159677448472.0,1548162323584.0,735872635238.0
43,BVS,2017,0,2198954446672.0,89985675489.0,1698103606710.0,1116594118657.0
44,BVS,2018,0,2927161189656.0,442822170663.0,1692152042464.0,1682728337545.0
45,BVS,2019,0,2397853185656.0,500387697434.0,1806633192421.0,1514325651880.0
46,BVS,2020,0,3412992891720.0,995251422216.0,1874743668855.0,2205552755865.0
47,BVS,2021,0,5719297483625.0,2605890208119.0,2144451663109.0,3374602084018.0
48,BVS,2022,0,3857650840076.0,980000000000.0,2180939806045.0,2254798696008.0
49,BVS,2016,1,1660633192665.0,25183112221.0,1470097304141.0,986072663372.0
50,BVS,2017,1,1800487036591.0,93243810857.0,1573920481940.0,710870958158.0
51,BVS,2018,1,5670640335310.0,0.0,1736023639943.0,1152325142408.0
52,BVS,2019,1,2429383193249.0,556261269210.0,1721459944796.0,1704940089625.0
53,BVS,2020,1,2222416646632.0,408783862274.0,1762503892691.0,1470612090688.0
54,BVS,2021,1,3601030929769.0,1195330361567.0,1942803815415.0,2716946385368.0
55,BVS,2022,1,5960543016280.0,2971930720117.0,2197126381712.0,3662838000080.0
56,BVS,2023,1,4077290230418.0,1718379157390.0,2215413625424.0,2295662277538.0
57,BVS,2016,2,1748080572544.0,66841158111.0,1501870827179.0,1172217198392.0
58,BVS,2017,2,1855408448455.0,0.0,1624842005411.0,752313269776.0
59,BVS,2018,2,3854404144354.0,300068425102.0,1750575340100.0,1406417301144.0
60,BVS,2019,2,2440971378965.0,616972793662.0,1755901256387.0,1712696526306.0
61,BVS,2020,2,2273133605630.0,338228437149.0,1849384189021.0,1597501852071.0
62,BVS,2021,2,4757713032685.0,1968162145827.0,2046141954437.0,3410399513123.0
63,BVS,2022,2,4569268709280.0,1572074265541.0,2171160194542.0,2643287648546.0
64,BVS,2016,3,1704418169614.0,0.0,1516663720086.0,981110961944.0
65,BVS,2017,3,1950151524313.0,39936526475.0,1654819196542.0,833349166341.0
66,BVS,2018,3,3281995180944.0,306430759038.0,1728927998787.0,1478063842368.0
67,BVS,2019,3,2437442277702.0,506430049267.0,1786736804643.0,1747148212445.0
68,BVS,2020,3,2470844587333.0,499353574186.0,1878444638548.0,1608528584596.0
69,BVS,2021,3,5297823652970.0,2321937189637.0,2098596930083.0,3414608456376.0
70,BVS,2022,3,4388476483536.0,1161983261367.0,2205333163627.0,2762441999757.0
71,BVS,2014,4,1883734671165.0,0.0,1341205921867.0,
72,BVS,2015,4,2108291107867.0,29150839917.0,1450739880694.0,
73,BVS,2016,4,1854124706051.0,159677448472.0,1548072383621.0,1089683435238.0
74,BVS,2017,4,2102929510465.0,89985675489.0,1697830144853.0,1081184320622.0
75,BVS,2018,4,2927027713343.0,442822170663.0,1691877045862.0,1682728337545.0
76,BVS,2019,4,2397701201757.0,500387697434.0,1806532015919.0,1514325651880.0
77,BVS,2020,4,3413323568269.0,995251422216.0,1875017434203.0,2205552755865.0
78,BVS,2021,4,5718730187183.0,2605890208119.0,2143687171015.0,3547052445432.0
79,BVS,2022,4,3887543268661.0,980000000000.0,2211436402567.0,2254798696008.0
80,HCM,2014,0,3859367024129.0,0.0,2358230609392.0,
81,HCM,2015,0,3596583428164.0,654103204781.0,2279549327062.0,
82,HCM,2016,0,3616842334688.0,1000000000000.0,2391917451263.0,2750945233394.0
83,HCM,2017,0,6680572043521.0,3279755399374.0,2791161152263.0,4501592303606.0
84,HCM,2018,0,5256305327181.0,1704132323195.0,3060536162497.0,3262014843244.0
85,HCM,2019,0,7488678629348.0,2393727235255.0,4304143039139.0,4696713331994.0
86,HCM,2020,0,12488827553087.0,6716571061080.0,4440354531385.0,8623841531603.0
87,HCM,2021,0,24369103140717.0,15039870130242.0,7325252922790.0,13690097115046.0
88,HCM,2022,0,15446955045214.0,6938057640000.0,7891832336224.0,7378982938005.0
89,HCM,2016,1,2943744941906.0,267054330022.0,2344228939976.0,2352568494378.0
90,HCM,2017,1,3892805499451.0,990544632449.0,2513810605376.0,3029086926076.0
91,HCM,2018,1,6220182967215.0,2656068979134.0,3034919882162.0,4926201974402.0
92,HCM,2019,1,5714739510350.0,2122864227942.0,3102369853836.0,3773558483981.0
93,HCM,2020,1,6263688416301.0,1407713087780.0,4402876662451.0,3553806235810.0
94,HCM,2021,1,14961830132216.0,8447830000000.0,4762167799069.0,0.0
95,HCM,2022,1,22793972458257.0,14518687250000.0,7608069739170.0,14523355039181.0
96,HCM,2023,1,14139544834624.0,5513593054795.0,8015588231773.0,6906744067583.0
97,HCM,2016,2,3764990072349.0,854595738327.0,2297969333626.0,3055679841294.0
98,HCM,2017,2,4854838128091.0,1373055578800.0,2477993168291.0,3463674075883.0
99,HCM,2018,2,4604562065544.0,1232068799000.0,2934897394622.0,3041959733900.0
100,HCM,2019,2,7194079707525.0,2591123117328.0,4218257279032.0,4719424343608.0
101,HCM,2020,2,6742639475795.0,1936375000000.0,4314307924272.0,4284717310882.0
102,HCM,2021,2,15541038523016.0,8968370271500.0,4805408678478.0,9169445263141.0
103,HCM,2022,2,19179811308731.0,10301868844099.0,7830017071952.0,11226994265474.0
104,HCM,2016,3,3609104384409.0,1034860867831.0,2379770219433.0,2912084873506.0
105,HCM,2017,3,4792879665650.0,1671692082200.0,2612737620409.0,3541655638479.0
106,HCM,2018,3,5640547974412.0,2071138100000.0,3066120385969.0,4334248256951.0
107,HCM,2019,3,6628013936140.0,1563100000000.0,4329578043431.0,4684723196789.0
108,HCM,2020,3,9468173497481.0,3930761597713.0,4455571453904.0,6022129686611.0
109,HCM,2021,3,18881291406331.0,12886939179631.0,5123860326991.0,9608295488936.0
110,HCM,2022,3,20688690278228.0,11028934668277.0,7995107746365.0,10927578271511.0
111,HCM,2014,4,3859367024129.0,0.0,2358230609392.0,
112,HCM,2015,4,3596583428164.0,654103204781.0,2279549327062.0,
113,HCM,2016,4,3616842334688.0,1000000000000.0,2391917451263.0,2750945233394.0
114,HCM,2017,4,6680572043521.0,3279755399374.0,2791161152263.0,4501592303606.0
115,HCM,2018,4,5256305327181.0,1704132323195.0,3060536162497.0,3262014843244.0
116,HCM,2019,4,7488678629348.0,2393727235255.0,4304143039139.0,4696713331994.0
117,HCM,2020,4,12488827553087.0,6716571061080.0,4440354531385.0,8623841531603.0
118,HCM,2021,4,24369103140717.0,15039870130242.0,7325252922790.0,13690097115046.0
119,HCM,2022,4,15446955045214.0,6938057640000.0,7891832336224.0,7378982938005.0
120,SHS,2014,0,3172969633943.0,465000000000.0,907798164502.0,
121,SHS,2015,0,3360471593057.0,1097000000000.0,1027896243764.0,
122,SHS,2016,0,3314377817490.0,1423500000000.0,1113485946231.0,1714385482679.0
123,SHS,2017,0,4134483076920.0,1872310706528.0,1465935832463.0,2322600119143.0
124,SHS,2018,0,4868960490232.0,2417980000000.0,1865314388246.0,2051008965835.0
125,SHS,2019,0,6072677540220.0,1938000000000.0,2692335751182.0,1647839423627.0
126,SHS,2020,0,6929742693707.0,1894000000000.0,3226314819604.0,2171684164501.0
127,SHS,2021,0,10910883600024.0,3848000000000.0,6055579667733.0,5817012626522.0
128,SHS,2022,0,10899625766763.0,1067000000000.0,9435859429597.0,2355668531748.0
129,SHS,2016,1,3157407147309.0,1303000000000.0,1040042483441.0,990294673897.0
130,SHS,2017,1,3574075537855.0,1487600000000.0,1158646027151.0,2119267569224.0
131,SHS,2018,1,5022300444705.0,2148963174874.0,1640105753091.0,2862949721059.0
132,SHS,2019,1,5075160874095.0,2392000000000.0,1925200197447.0,1811217774499.0
133,SHS,2020,1,5931034597851.0,1854000000000.0,2738902747343.0,1282223383477.0
134,SHS,2021,1,6734431150794.0,1100000000000.0,3720694487279.0,2901855002047.0
135,SHS,2022,1,11774991758200.0,4326000000000.0,6427587890229.0,5009255292797.0
136,SHS,2023,1,11068281674683.0,1296000000000.0,9516267407661.0,3535778799157.0
137,SHS,2016,2,3718056282663.0,1547578228154.0,1065123732007.0,1398848246405.0
138,SHS,2017,2,4099308361361.0,1860600000000.0,1239042513455.0,2323000852226.0
139,SHS,2018,2,5027662771255.0,2020300000000.0,1682502929290.0,2265806815885.0
140,SHS,2019,2,5526888508864.0,2108000000000.0,2552308866793.0,1906304417387.0
141,SHS,2020,2,6139056727876.0,2022000000000.0,2943372330126.0,1703300592716.0
142,SHS,2021,2,9733704674897.0,3184000000000.0,4349570946372.0,4768936050945.0
143,SHS,2022,2,11220412604283.0,1456000000000.0,9406856115535.0,2805517121431.0
144,SHS,2016,3,3749720693298.0,1525080014632.0,1072114162238.0,1755282431298.0
145,SHS,2017,3,4518338541534.0,1861600000000.0,1365542412223.0,2247572199703.0
146,SHS,2018,3,5424905558856.0,2082000000000.0,1777799690324.0,2303955358762.0
147,SHS,2019,3,5675911252673.0,2066109551101.0,2656620723884.0,1945744398901.0
148,SHS,2020,3,6974646690985.0,2998000000000.0,2834336002878.0,1894973248775.0
149,SHS,2021,3,10031334726007.0,3694000000000.0,4095294407457.0,3903035953767.0
150,SHS,2022,3,11369393256968.0,1566000000000.0,9448048284440.0,3269036953819.0
151,SHS,2014,4,3172969633943.0,465000000000.0,907798164502.0,
152,SHS,2015,4,3360471593057.0,1097000000000.0,1027896243764.0,
153,SHS,2016,4,3314377817490.0,1423500000000.0,1113485946231.0,1714385482679.0
154,SHS,2017,4,4134483076920.0,1872310706528.0,1477257252166.0,2322600119143.0
155,SHS,2018,4,4869334902362.0,2417980000000.0,1865314388246.0,2051008965835.0
156,SHS,2019,4,6072677540219.0,1938000000000.0,2692335751181.0,1647839423627.0
157,SHS,2020,4,6929742693707.0,1894000000000.0,3226314819602.0,2171684164501.0
158,SHS,2021,4,10910883600024.0,3848000000000.0,6055579667733.0,5817012626522.0
159,SHS,2022,4,10899625766764.0,1067000000000.0,9435859429598.0,2355668531748.0
160,APS,2014,0,444451777772.0,0.0,354403426528.0,
161,APS,2015,0,477532647615.0,5000000000.0,360958680930.0,
162,APS,2016,0,371906809751.0,0.0,363663844122.0,147684356257.0
163,APS,2017,0,390929400918.0,0.0,375752750051.0,166666938759.0
164,APS,2018,0,393212833401.0,0.0,377718551583.0,159491804445.0
165,APS,2019,0,357912319906.0,0.0,343335865804.0,168597167578.0
166,APS,2020,0,410713483360.0,0.0,399874236066.0,160449146041.0
167,APS,2021,0,1612693221785.0,0.0,1410230639441.0,532994692900.0
168,APS,2022,0,975004973839.0,4631000000.0,961182320662.0,179162860374.0
169,APS,2016,1,393409058747.0,0.0,357376664487.0,146405335452.0
170,APS,2017,1,373338813080.0,0.0,365514057509.0,130509851349.0
171,APS,2018,1,391433908456.0,0.0,379328238513.0,139632420659.0
172,APS,2019,1,392843020161.0,0.0,378469795064.0,140185644005.0
173,APS,2020,1,361973092289.0,0.0,345805893478.0,160258674598.0
174,APS,2021,1,443302873935.0,0.0,433917183792.0,133482482074.0
175,APS,2022,1,1572883772865.0,4631000000.0,1456551835319.0,314831606263.0
176,APS,2023,1,1001437570233.0,4631000000.0,991242935675.0,160277005108.0
177,APS,2016,2,368426290662.0,0.0,361730975432.0,161074476974.0
178,APS,2017,2,389721755182.0,0.0,378534229305.0,138430991671.0
179,APS,2018,2,384546123690.0,0.0,369776639042.0,123151962974.0
180,APS,2019,2,373868669909.0,0.0,358686603598.0,195099820882.0
181,APS,2020,2,372230788582.0,0.0,349046003925.0,187759832415.0
182,APS,2021,2,454215216295.0,0.0,437621258196.0,152326284442.0
183,APS,2022,2,1133424069753.0,4631000000.0,1105944411436.0,247843738393.0
184,APS,2016,3,369540734782.0,0.0,361811821441.0,122240694001.0
185,APS,2017,3,386951813010.0,0.0,376514278120.0,140279860816.0
186,APS,2018,3,378463505779.0,0.0,369938181596.0,121368047762.0
187,APS,2019,3,354914235559.0,0.0,345583545222.0,170009399911.0
188,APS,2020,3,372446932963.0,0.0,363065790298.0,145598006145.0
189,APS,2021,3,959881937142.0,0.0,924565035415.0,255617742497.0
190,APS,2022,3,1129954778222.0,4631000000.0,1114209624112.0,154469101906.0
191,APS,2014,4,444451777772.0,0.0,354403426528.0,
192,APS,2015,4,477532647615.0,5000000000.0,360958680930.0,
193,APS,2016,4,371423735090.0,0.0,363153269461.0,147684356257.0
194,APS,2017,4,390765900554.0,0.0,376763302021.0,166666938759.0
195,APS,2018,4,396371931570.0,0.0,380810798037.0,159491804445.0
196,APS,2019,4,357176311531.0,0.0,342083074181.0,168597167578.0
197,APS,2020,4,412422397391.0,0.0,400171766063.0,160449146041.0
198,APS,2021,4,1612693221785.0,0.0,1410230639441.0,532994692900.0
199,APS,2022,4,976414317879.0,4631000000.0,962591664702.0,179162860374.0
200,VDS,2014,0,1100635741505.0,284833623695.0,342461279998.0,
201,VDS,2015,0,1251169537338.0,155770100000.0,713554435342.0,
202,VDS,2016,0,1593235428743.0,503120000000.0,762861001674.0,861420252720.0
203,VDS,2017,0,1842619671681.0,772175765000.0,1042217914790.0,1312621982796.0
204,VDS,2018,0,1932337756856.0,797974000000.0,1110898897206.0,1585365383073.0
205,VDS,2019,0,2299545507697.0,1045840000000.0,1045444259161.0,1633196291178.0
206,VDS,2020,0,2568355587149.0,1276509000000.0,1165516570139.0,1453872727915.0
207,VDS,2021,0,4033154108571.0,2226718000000.0,1645863299487.0,2700131242001.0
208,VDS,2022,0,4254126021147.0,2108230000000.0,2082911350568.0,2296286708465.0
209,VDS,2016,1,1108124986558.0,171780000000.0,724334313587.0,580878547708.0
210,VDS,2017,1,1807589571077.0,834588288230.0,787063420142.0,1125719584437.0
211,VDS,2018,1,2114965982919.0,989042985145.0,1091789749220.0,1658396083982.0
212,VDS,2019,1,2358160510112.0,1240894000000.0,1081995195022.0,1897722029375.0
213,VDS,2020,1,2037751301739.0,1049838000000.0,957069829400.0,1356799418130.0
214,VDS,2021,1,2963221817400.0,1570682000000.0,1289712032457.0,2244179247033.0
215,VDS,2022,1,5412435605566.0,3581938999112.0,1705409795392.0,3547734011665.0
216,VDS,2023,1,3976419611760.0,1790550000000.0,2138638406063.0,2178371146068.0
217,VDS,2016,2,1650602779830.0,502500000000.0,735479371140.0,987970360725.0
218,VDS,2017,2,1552469723193.0,711410000000.0,777921114338.0,1204858197249.0
219,VDS,2018,2,2058815853020.0,936026002991.0,1096549689541.0,1607909678399.0
220,VDS,2019,2,2113792370707.0,1014860000000.0,1066061574905.0,1711835699609.0
221,VDS,2020,2,2217156769304.0,959816000000.0,1058457611843.0,1318055410226.0
222,VDS,2021,2,3505094349924.0,1785444000000.0,1448155757891.0,2360957318675.0
223,VDS,2022,2,4175619191330.0,2605809999112.0,1474331820707.0,2421004441258.0
224,VDS,2016,3,1804729216991.0,710955813106.0,757657866290.0,1291211162327.0
225,VDS,2017,3,1711779286836.0,887255000000.0,801713123353.0,1395678001162.0
226,VDS,2018,3,2171346959072.0,1009791000000.0,1118243286509.0,1762522769141.0
227,VDS,2019,3,2206651726165.0,1105399000000.0,1075256718434.0,1770090838067.0
228,VDS,2020,3,2263799223427.0,1109084000000.0,1095569490286.0,1729126907798.0
229,VDS,2021,3,3887201028381.0,2241495000000.0,1521562695311.0,2917157290399.0
230,VDS,2022,3,5002958173354.0,2843985000000.0,1502110925768.0,3035206708514.0
231,VDS,2014,4,1100635741505.0,284833623695.0,342461279998.0,
232,VDS,2015,4,1251169537338.0,155770100000.0,713554435342.0,
233,VDS,2016,4,1593235428743.0,503120000000.0,762861001674.0,861420252720.0
234,VDS,2017,4,1842619671681.0,772175765000.0,1042217914790.0,1312621982796.0
235,VDS,2018,4,1932337756856.0,797974000000.0,1110898897206.0,1585365383073.0
236,VDS,2019,4,2299545507697.0,1045840000000.0,1045444259161.0,1633196291178.0
237,VDS,2020,4,2568355587149.0,1276509000000.0,1165516570139.0,1453872727915.0
238,VDS,2021,4,4033154108571.0,2226718000000.0,1645863299487.0,2700131242001.0
239,VDS,2022,4,4254126021147.0,2108230000000.0,2082911350568.0,2296286708465.0
240,CTS,2014,0,1139278195672.0,0.0,925995726262.0,
241,CTS,2015,0,1325466999998.0,0.0,995074020693.0,
242,CTS,2016,0,1420648445047.0,235000000000.0,1069742601808.0,415545480797.0
243,CTS,2017,0,1838253177523.0,509536400000.0,1170873434829.0,658980679063.0
244,CTS,2018,0,2576739623339.0,820006600000.0,1315078616187.0,714946499793.0
245,CTS,2019,0,2799852909842.0,890000000000.0,1313042385016.0,657700873897.0
246,CTS,2020,0,4273706411610.0,2166722913838.0,1437439798689.0,922989735587.0
247,CTS,2021,0,6685686401841.0,4100407343338.0,1811808740764.0,1594936417382.0
248,CTS,2022,0,5036970412985.0,3075099329013.0,1854319844096.0,1510162481723.0
249,CTS,2016,1,1125422930080.0,30000000000.0,1014292485553.0,292750605641.0
250,CTS,2017,1,1243768530163.0,114980850952.0,1100582181722.0,504854868645.0
251,CTS,2018,1,2364960719264.0,767414500000.0,1212477447079.0,776837252051.0
252,CTS,2019,1,2531783632651.0,717910920000.0,1361055846253.0,690370329572.0
253,CTS,2020,1,2081845546390.0,699582000000.0,1221071022032.0,625188106859.0
254,CTS,2021,1,4941741686202.0,3009554909164.0,1477336529243.0,1222015083852.0
255,CTS,2022,1,7736635451368.0,4373833531095.0,1852031832878.0,1764454990210.0
256,CTS,2023,1,6406208159699.0,4445088559296.0,1867765197745.0,1509422592314.0
257,CTS,2016,2,1163758254310.0,80000000000.0,1015887418823.0,297714746060.0
258,CTS,2017,2,1320816962952.0,145000000000.0,1129848499205.0,564749465727.0
259,CTS,2018,2,2299176529789.0,845812020000.0,1227711772470.0,725481652560.0
260,CTS,2019,2,2483628765302.0,582480500000.0,1366352500019.0,550933141421.0
261,CTS,2020,2,2660789543881.0,1277507020026.0,1319286361202.0,621582654129.0
262,CTS,2021,2,5145501847566.0,2849867903814.0,1592007542004.0,1534137221980.0
263,CTS,2022,2,6236223639094.0,3499097479472.0,1848028543650.0,1718459136899.0
264,CTS,2016,3,1943091550315.0,467521080000.0,1036720844568.0,439615540202.0
265,CTS,2017,3,1713420864363.0,308714000000.0,1135635682120.0,575510147037.0
266,CTS,2018,3,2364806306041.0,785403500000.0,1313055462296.0,774797760069.0
267,CTS,2019,3,2645012537466.0,846911300000.0,1265943660826.0,644575757686.0
268,CTS,2020,3,3007117697824.0,1618048033828.0,1335877479181.0,784436847211.0
269,CTS,2021,3,5517815762128.0,3306154927121.0,1622019030656.0,1329662437267.0
270,CTS,2022,3,5673231495356.0,3396602952423.0,1859631117034.0,1819919986725.0
271,CTS,2014,4,1139278195672.0,0.0,925995726262.0,
272,CTS,2015,4,1325466999998.0,0.0,995074020693.0,
273,CTS,2016,4,1420648445047.0,235000000000.0,1069742601808.0,415545480797.0
274,CTS,2017,4,1838253177523.0,509536400000.0,1170873434829.0,658980679063.0
275,CTS,2018,4,2576522363064.0,820006600000.0,1314867022682.0,714946499793.0
276,CTS,2019,4,2799852909842.0,890000000000.0,1313042385016.0,657700873897.0
277,CTS,2020,4,4273706411610.0,2166722913838.0,1437439798689.0,922989735587.0
278,CTS,2021,4,6685686401841.0,4100407343338.0,1811808740764.0,1594936417382.0
279,CTS,2022,4,5036970412985.0,3075099329013.0,1854319844096.0,1510162481723.0
280,AGR,2014,0,2709875322201.0,181366661000.0,2242841905087.0,
281,AGR,2015,0,2242171802587.0,0.0,2054063059998.0,
282,AGR,2016,0,1660379497164.0,0.0,1648335127059.0,693589908589.0
283,AGR,2017,0,1776671310931.0,0.0,1763858331905.0,660367860969.0
284,AGR,2018,0,1917072477344.0,0.0,1870422080013.0,965554826403.0
285,AGR,2019,0,2111308956461.0,0.0,1966894756622.0,837089004361.0
286,AGR,2020,0,2286420537073.0,0.0,2096628990546.0,739011956365.0
287,AGR,2021,0,2739269214518.0,180000000000.0,2456851556547.0,1694773786055.0
288,AGR,2022,0,2805191288242.0,200000000000.0,2497221370513.0,999881916815.0
289,AGR,2016,1,1949054686289.0,0.0,1942221093756.0,272942092053.0
290,AGR,2017,1,1753620658753.0,30000000000.0,1715661900399.0,723237380588.0
291,AGR,2018,1,1781342590784.0,0.0,1770447465651.0,747315406665.0
292,AGR,2019,1,2176393950846.0,189700000000.0,1931350772896.0,1210348824099.0
293,AGR,2020,1,2052948749757.0,0.0,1929111339253.0,918860840805.0
294,AGR,2021,1,2243143420564.0,0.0,2064405543241.0,875013092637.0
295,AGR,2022,1,2838240588842.0,265000000000.0,2508193461280.0,1745632840316.0
296,AGR,2023,1,2831296070082.0,221300000000.0,2540091723603.0,1315373474532.0
297,AGR,2016,2,1643046398979.0,0.0,1629483126669.0,521557703146.0
298,AGR,2017,2,1829330422647.0,55000000000.0,1764758243082.0,810153899615.0
299,AGR,2018,2,1789816823328.0,0.0,1776092862614.0,748116041767.0
300,AGR,2019,2,2122672308648.0,0.0,2046256898322.0,947612010399.0
301,AGR,2020,2,2155910428796.0,31500000000.0,1991924687442.0,649015355609.0
302,AGR,2021,2,2383084598830.0,0.0,2284959680358.0,1065529140783.0
303,AGR,2022,2,2546548056789.0,4000000000.0,2462300284125.0,1417525774573.0
304,AGR,2016,3,1640673436666.0,0.0,1625608422492.0,630143089569.0
305,AGR,2017,3,1793608827401.0,15000000000.0,1762332900567.0,726573989054.0
306,AGR,2018,3,1860046488661.0,0.0,1844366790857.0,804862576696.0
307,AGR,2019,3,2092704216615.0,0.0,1995648749307.0,856290725295.0
308,AGR,2020,3,2216458877397.0,0.0,2039344227021.0,703370792270.0
309,AGR,2021,3,2540400099825.0,99000000000.0,2338331925572.0,1409608035598.0
310,AGR,2022,3,2661929693942.0,69000000000.0,2501464407607.0,1826472581906.0
311,AGR,2014,4,2709875322201.0,181366661000.0,2242841905087.0,
312,AGR,2015,4,2242171802587.0,0.0,2054063059998.0,
313,AGR,2016,4,1660720114317.0,0.0,1638665746959.0,693589908589.0
314,AGR,2017,4,1777356143891.0,0.0,1764543164865.0,660367860969.0
315,AGR,2018,4,1917072477344.0,0.0,1870422080013.0,965554826403.0
316,AGR,2019,4,2102668956461.0,0.0,1966894756622.0,837089004361.0
317,AGR,2020,4,2286420537073.0,0.0,2096628990546.0,739011956365.0
318,AGR,2021,4,2739269214518.0,180000000000.0,2456851556547.0,1694773786055.0
319,AGR,2022,4,2805191288242.0,200000000000.0,2497221370513.0,999881916815.0
320,VIG,2014,0,273330170797.0,20662937426.0,233893400088.0,
321,VIG,2015,0,283519108792.0,19662937426.0,240574590982.0,
322,VIG,2016,0,234427583002.0,10662937426.0,215527968487.0,7199714105.0
323,VIG,2017,0,234046640241.0,5862937426.0,216179820555.0,13312026242.0
324,VIG,2018,0,232175718121.0,5862937426.0,217818856849.0,11440771379.0
325,VIG,2019,0,212106668451.0,5862937426.0,194373295162.0,11580883358.0
326,VIG,2020,0,212516296293.0,5862937426.0,190877792500.0,11343903928.0
327,VIG,2021,0,215294561780.0,7896937426.0,192302225691.0,8151032463.0
328,VIG,2022,0,317243295384.0,0.0,304950245974.0,4490852065.0
329,VIG,2016,1,270130478791.0,11662937426.0,241758840598.0,0.0
330,VIG,2017,1,254330695575.0,9862937426.0,216594131935.0,7332081299.0
331,VIG,2018,1,231024310360.0,5862937426.0,216853277548.0,10871943244.0
332,VIG,2019,1,231278696573.0,5862937426.0,216403459186.0,11774967807.0
333,VIG,2020,1,210026178244.0,5862937426.0,193573331714.0,9539514911.0
334,VIG,2021,1,211252187282.0,5862937426.0,190430347449.0,10502316332.0
335,VIG,2022,1,220176103587.0,10877941119.0,192859413050.0,11779338537.0
336,VIG,2023,1,322755536204.0,0.0,310811278443.0,4459505314.0
337,VIG,2016,2,237305823357.0,11662937426.0,218475185426.0,17936284475.0
338,VIG,2017,2,234133083548.0,8862937426.0,217131722773.0,7725554571.0
339,VIG,2018,2,233243066778.0,7932937426.0,216690329435.0,11612477649.0
340,VIG,2019,2,212400093673.0,5862937426.0,195273626032.0,12283054972.0
341,VIG,2020,2,214242683714.0,5862937426.0,193355694447.0,11528903399.0
342,VIG,2021,2,210566394907.0,5862937426.0,187140499685.0,9257432124.0
343,VIG,2022,2,223737461847.0,13877941119.0,195482814614.0,4634516392.0
344,VIG,2016,3,242621419004.0,11662937426.0,219603729892.0,0.0
345,VIG,2017,3,241960266630.0,6862937426.0,217811492575.0,10392638807.0
346,VIG,2018,3,232816992405.0,5862937426.0,218187844312.0,12874463159.0
347,VIG,2019,3,227800347333.0,5862937426.0,213221623809.0,11314515866.0
348,VIG,2020,3,209479686836.0,5862937426.0,192239912063.0,12866234717.0
349,VIG,2021,3,210224687206.0,5862937426.0,187605123281.0,10511128194.0
350,VIG,2022,3,213892650156.0,5862937426.0,195752599041.0,4534707581.0
351,VIG,2014,4,273330170797.0,20662937426.0,233893400088.0,
352,VIG,2015,4,283519108792.0,19662937426.0,240574590982.0,
353,VIG,2016,4,236377332041.0,10662937426.0,215124021040.0,0.0
354,VIG,2017,4,236196133840.0,5862937426.0,215637478887.0,15124116012.0
355,VIG,2018,4,232499025482.0,5862937426.0,218246264880.0,11267703279.0
356,VIG,2019,4,210379258881.0,5862937426.0,193885885592.0,11580833358.0
357,VIG,2020,4,212155085342.0,5862937426.0,190516581545.0,11303975122.0
358,VIG,2021,4,215457014115.0,5862937426.0,192335548125.0,8000116147.0
359,VIG,2022,4,317003227975.0,0.0,305143849474.0,
360,WSS,2014,0,534457004772.0,0.0,520041442373.0,
361,WSS,2015,0,544912274238.0,0.0,527019174935.0,
362,WSS,2016,0,535980916724.0,0.0,531972992751.0,14185002807.0
363,WSS,2017,0,593551079282.0,43000000000.0,547101725943.0,24908020888.0
364,WSS,2018,0,654832773258.0,55000000000.0,592094476386.0,17739154672.0
365,WSS,2019,0,560748462132.0,44000000000.0,512188997251.0,12139807799.0
366,WSS,2020,0,526662151431.0,0.0,522887011577.0,16188047234.0
367,WSS,2021,0,537043020927.0,0.0,531846791039.0,27089502589.0
368,WSS,2022,0,520109029090.0,0.0,513236598720.0,5301288791.0
369,WSS,2016,1,563576982645.0,32271468730.0,538893316296.0,14646357960.0
370,WSS,2017,1,546718974722.0,6230000000.0,536834580972.0,22539912478.0
371,WSS,2018,1,556594369368.0,9883000000.0,542986126007.0,30618473039.0
372,WSS,2019,1,552884554693.0,42464000000.0,501675574330.0,14585045929.0
373,WSS,2020,1,546837920528.0,44000000000.0,498182826371.0,15634790672.0
374,WSS,2021,1,504197438403.0,0.0,495904783949.0,18064646903.0
375,WSS,2022,1,524664633393.0,0.0,519397439849.0,6810712933.0
376,WSS,2023,1,498907306461.0,0.0,494959950028.0,4408186623.0
377,WSS,2016,2,549732442702.0,2000000000.0,543979561869.0,21685918537.0
378,WSS,2017,2,554950492066.0,9570000000.0,541791884291.0,9282367668.0
379,WSS,2018,2,581332129775.0,49290000000.0,527306536613.0,30040169865.0
380,WSS,2019,2,552585466625.0,44000000000.0,486051243079.0,29026727189.0
381,WSS,2020,2,500329742715.0,0.0,496222544471.0,16582764099.0
382,WSS,2021,2,549130239619.0,0.0,540824979276.0,16723529926.0
383,WSS,2022,2,558317381848.0,0.0,553037302519.0,3502601599.0
384,WSS,2016,3,552312698211.0,0.0,548403673793.0,47130080024.0
385,WSS,2017,3,579108592631.0,32552000000.0,542745500592.0,28689392964.0
386,WSS,2018,3,575541619913.0,55000000000.0,513922942226.0,19239438975.0
387,WSS,2019,3,483806520739.0,44000000000.0,433528647430.0,15420078766.0
388,WSS,2020,3,504333889519.0,0.0,500363825710.0,15929809038.0
389,WSS,2021,3,508391368058.0,0.0,503545551870.0,16940327979.0
390,WSS,2022,3,506619124268.0,0.0,502908297416.0,4747611783.0
391,WSS,2014,4,534457004772.0,0.0,520041442373.0,
392,WSS,2015,4,544912274238.0,0.0,527019174935.0,
393,WSS,2016,4,535479347463.0,0.0,531471423490.0,14185002807.0
394,WSS,2017,4,591918806881.0,43000000000.0,545469453542.0,24908020888.0
395,WSS,2018,4,649461854673.0,55000000000.0,586723557801.0,17739154672.0
396,WSS,2019,4,561160851401.0,44000000000.0,512601386520.0,12139807799.0
397,WSS,2020,4,526172956209.0,0.0,522566752885.0,16188047234.0
398,WSS,2021,4,537112312778.0,0.0,531923055624.0,27089502589.0
399,WSS,2022,4,520463892043.0,0.0,513593113407.0,5301288791.0
400,VIX,2014,0,434715221951.0,0.0,388941085302.0,
401,VIX,2015,0,939510043140.0,0.0,776128525842.0,
402,VIX,2016,0,1092898080345.0,221151000000.0,798065554433.0,317637700835.0
403,VIX,2017,0,1323414916670.0,330000000000.0,924565652543.0,441776674985.0
404,VIX,2018,0,1530284714820.0,355000000000.0,1104319213025.0,347035379265.0
405,VIX,2019,0,1766240961059.0,280000000000.0,1420691252634.0,385581482094.0
406,VIX,2020,0,2114863511743.0,280000000000.0,1749114821835.0,869504080441.0
407,VIX,2021,0,4729585355705.0,850000000000.0,3761675255157.0,2990176738825.0
408,VIX,2022,0,8148069614040.0,0.0,7863073699228.0,1793853654808.0
409,VIX,2016,1,833583199030.0,8963472657.0,792872554538.0,210134821031.0
410,VIX,2017,1,1543712257712.0,691036000000.0,805320402641.0,0.0
411,VIX,2018,1,1431246561732.0,321000000000.0,987403342628.0,373536773490.0
412,VIX,2019,1,2030219544768.0,480000000000.0,1355566139536.0,437887476796.0
413,VIX,2020,1,1689526935322.0,250000000000.0,1396111919031.0,257773156057.0
414,VIX,2021,1,2553903438241.0,280000000000.0,2067813912691.0,1250888041177.0
415,VIX,2022,1,5661523605589.0,1250000000000.0,4029750599798.0,2642619118878.0
416,VIX,2023,1,7904258948951.0,0.0,7873512455998.0,1547969415969.0
417,VIX,2016,2,1086874457518.0,250000000000.0,807301416626.0,142181725307.0
418,VIX,2017,2,1564585150758.0,610466000000.0,880351199034.0,276769575267.0
419,VIX,2018,2,1348045479184.0,300000000000.0,983429137269.0,308274123668.0
420,VIX,2019,2,1884594001762.0,450000000000.0,1365679502397.0,324226671924.0
421,VIX,2020,2,1775983857912.0,200000000000.0,1466889393179.0,372874435962.0
422,VIX,2021,2,2920539027489.0,580000000000.0,2175659935378.0,1199818645358.0
423,VIX,2022,2,8527557064371.0,200000000000.0,8207075632633.0,694654113177.0
424,VIX,2016,3,1033730034438.0,221501000000.0,774401377716.0,170735537170.0
425,VIX,2017,3,1571868632107.0,610000000000.0,884496019574.0,465342545644.0
426,VIX,2018,3,1368384545137.0,155000000000.0,1092354358513.0,419285727993.0
427,VIX,2019,3,1886239700496.0,400000000000.0,1405856515443.0,334656851728.0
428,VIX,2020,3,1931665342409.0,240000000000.0,1616397786502.0,535561604767.0
429,VIX,2021,3,2995714989736.0,580000000000.0,2323293265625.0,1737468696881.0
430,VIX,2022,3,8238167247305.0,200000000000.0,7965652595779.0,1409415039400.0
431,VIX,2014,4,434715221951.0,0.0,388941085302.0,
432,VIX,2015,4,939510043140.0,0.0,776128525842.0,
433,VIX,2016,4,1092898080344.0,221151000000.0,798065554432.0,317637700835.0
434,VIX,2017,4,1323374020093.0,330000000000.0,924565652543.0,441776674985.0
435,VIX,2018,4,1530284714820.0,355000000000.0,1104319213025.0,347035379265.0
436,VIX,2019,4,1766240961059.0,280000000000.0,1420691252634.0,385581482094.0
437,VIX,2020,4,2114863511743.0,280000000000.0,1749114821835.0,869504080441.0
438,VIX,2021,4,4729585355705.0,850000000000.0,3761675255157.0,2990176738825.0
439,VIX,2022,4,8148069614040.0,0.0,7863073699228.0,1793853654808.0
440,VND,2014,0,2941708828680.0,104945276894.0,1835289370602.0,
441,VND,2015,0,5757644150850.0,1700656425139.0,1935431563239.0,
442,VND,2016,0,5174092842859.0,2708106976714.0,1948263501243.0,1911798465127.0
443,VND,2017,0,8051385232263.0,4671896422610.0,2506811347743.0,3130859448293.0
444,VND,2018,0,10534641320002.0,7238907098307.0,2982929852653.0,2582474306127.0
445,VND,2019,0,11577034328011.0,7657249086436.0,3248511263522.0,2887072098158.0
446,VND,2020,0,14976084312101.0,10161921000000.0,3819244557510.0,4705953781456.0
447,VND,2021,0,37094774473895.0,21698678287066.0,9822482839646.0,15473544807182.0
448,VND,2022,0,38870604503106.0,20961982646239.0,14514668928729.0,9060815751079.0
449,VND,2016,1,4233587656895.0,2288430058970.0,1963832483097.0,0.0
450,VND,2017,1,6468973676078.0,4263641769773.0,2137050760784.0,2347627656022.0
451,VND,2018,1,9704931038558.0,5842710265850.0,2645533435416.0,3928948173937.0
452,VND,2019,1,11126913984464.0,7578266424596.0,3071988780825.0,2547192637542.0
453,VND,2020,1,11329660413202.0,7730331550000.0,3306660899260.0,2193936508226.0
454,VND,2021,1,19187970628453.0,12156970000000.0,4491709041048.0,6536514950849.0
455,VND,2022,1,42690390894451.0,25404601951918.0,10357053955260.0,17122538079851.0
456,VND,2023,1,37024922513648.0,19848631444728.0,14650345330781.0,8716626295882.0
457,VND,2016,2,5009411452927.0,2996718870653.0,1962128584117.0,1489162365578.0
458,VND,2017,2,7767188052633.0,4585750304747.0,2201282181460.0,2595979395330.0
459,VND,2018,2,9508651772522.0,5859548822935.0,2986293329964.0,2943708144836.0
460,VND,2019,2,11919887617982.0,8061150484179.0,2987640847232.0,3035553021266.0
461,VND,2020,2,12104944559501.0,8424041100000.0,3441040762756.0,2388765102507.0
462,VND,2021,2,22522563238696.0,12255533600000.0,4834339673488.0,9302327439394.0
463,VND,2022,2,44497817156702.0,22542849667817.0,14553016694118.0,11663838607763.0
464,VND,2016,3,4931393708234.0,2942345086237.0,1941314849521.0,2096232903126.0
465,VND,2017,3,6858023378849.0,4408583104690.0,2374924747864.0,2854049162361.0
466,VND,2018,3,10816043949594.0,7247594418994.0,3091527060861.0,3383987867580.0
467,VND,2019,3,11445963998068.0,7739082157056.0,3098658466945.0,3131744364470.0
468,VND,2020,3,13418353319963.0,9331541794520.0,3568173539283.0,2666849637303.0
469,VND,2021,3,28577705065167.0,16065405070065.0,8542861708536.0,11317014515834.0
470,VND,2022,3,42116463313944.0,19205248283267.0,14595059263700.0,12950619456764.0
471,VND,2014,4,2941708828680.0,104945276894.0,1835289370602.0,
472,VND,2015,4,5757644150850.0,1700656425139.0,1935431563239.0,
473,VND,2016,4,5172708571916.0,2708106976714.0,1947701871193.0,1939769390924.0
474,VND,2017,4,8053411661100.0,4671896422610.0,2508153831399.0,3130850125747.0
475,VND,2018,4,10544091591206.0,7239732098307.0,2985067682267.0,2582474306127.0
476,VND,2019,4,11577058702554.0,7657249086436.0,3248138209012.0,2887522218158.0
477,VND,2020,4,14542106903781.0,10161921000000.0,3824074357803.0,4705953781456.0
478,VND,2021,4,37094774473895.0,21698678287066.0,9822482839646.0,15473544807182.0
479,VND,2022,4,38870604503106.0,20961982646239.0,14514668928729.0,9060815751079.0
480,APG,2014,0,135344143549.0,0.0,112006611815.0,
481,APG,2015,0,154052801208.0,0.0,136272970734.0,
482,APG,2016,0,147581485844.0,0.0,136396974238.0,2983401618.0
483,APG,2017,0,147111058178.0,0.0,144679983373.0,6040161412.0
484,APG,2018,0,149300919344.0,0.0,145483799108.0,16554797805.0
485,APG,2019,0,385755674691.0,0.0,374198637303.0,19963452216.0
486,APG,2020,0,415071987144.0,2970000000.0,399612008368.0,16359377563.0
487,APG,2021,0,1172976263260.0,105850000000.0,1008190895201.0,368516110423.0
488,APG,2022,0,1604406994306.0,48810000000.0,1549440842394.0,83265972783.0
489,APG,2016,1,152068731437.0,0.0,136286756342.0,0.0
490,APG,2017,1,147949188746.0,0.0,136192830724.0,3010170042.0
491,APG,2018,1,147200013409.0,0.0,144690956470.0,5018215893.0
492,APG,2019,1,356688676515.0,0.0,352703990574.0,5427478275.0
493,APG,2020,1,392523481736.0,5700000000.0,376875605428.0,22105875812.0
494,APG,2021,1,424315407394.0,4370000000.0,408415488735.0,50397833672.0
495,APG,2022,1,2032660248066.0,129800000000.0,1817673822363.0,374809983359.0
496,APG,2023,1,1634135792041.0,36310000000.0,1591935185903.0,78485066667.0
497,APG,2016,2,150151522749.0,0.0,136340977065.0,3006933888.0
498,APG,2017,2,151439111815.0,0.0,140913027621.0,4602290289.0
499,APG,2018,2,143025494116.0,0.0,140387276326.0,2860066612.0
500,APG,2019,2,356181097250.0,0.0,351570157986.0,559471370.0
501,APG,2020,2,387571586714.0,3830000000.0,378764435911.0,15369080183.0
502,APG,2021,2,476580266806.0,24970000000.0,431452718402.0,101510618352.0
503,APG,2022,2,1907361401577.0,120000000000.0,1740318689181.0,68028193218.0
504,APG,2016,3,151118239703.0,0.0,136307608783.0,1479975455.0
505,APG,2017,3,143229820852.0,0.0,141047135046.0,3583737551.0
506,APG,2018,3,146392457313.0,0.0,144362383435.0,7990835224.0
507,APG,2019,3,357792671140.0,0.0,354231377967.0,497663063.0
508,APG,2020,3,394814655507.0,5830000000.0,384447176079.0,18530276567.0
509,APG,2021,3,894337402645.0,55650000000.0,816519391631.0,144539781310.0
510,APG,2022,3,1870322491230.0,63600000000.0,1691315386706.0,161549638040.0
511,APG,2014,4,135344143549.0,0.0,112006611815.0,
512,APG,2015,4,154052801208.0,0.0,136272970734.0,
513,APG,2016,4,147568723983.0,0.0,136384212377.0,2891901618.0
514,APG,2017,4,147181300843.0,0.0,144616237778.0,6040161412.0
515,APG,2018,4,148874328725.0,0.0,145074479284.0,16554797805.0
516,APG,2019,4,385755674691.0,0.0,374198637303.0,19963452216.0
517,APG,2020,4,412267578905.0,2970000000.0,401371761486.0,16359377563.0
518,APG,2021,4,1168283177328.0,105850000000.0,1006860400261.0,368516110423.0
519,APG,2022,4,1586606231483.0,48810000000.0,1531700553444.0,83265972783.0
520,SBS,2014,0,514349789039.0,61000000000.0,208234308621.0,
521,SBS,2015,0,610663672062.0,84000000000.0,213956991289.0,
522,SBS,2016,0,368868245838.0,0.0,204463808237.0,221396807499.0
523,SBS,2017,0,461477732478.0,0.0,205012190158.0,282139966393.0
524,SBS,2018,0,444141547892.0,0.0,205717276739.0,293569383722.0
525,SBS,2019,0,435330000878.0,0.0,205908267310.0,271317624938.0
526,SBS,2020,0,564684832487.0,0.0,207056801893.0,379480051134.0
527,SBS,2021,0,745808748476.0,0.0,214628834026.0,611862087710.0
528,SBS,2022,0,633159940074.0,0.0,343472591198.0,364159096811.0
529,SBS,2016,1,288274634169.0,0.0,214099576457.0,0.0
530,SBS,2017,1,300587990598.0,0.0,203670040887.0,0.0
531,SBS,2018,1,284447702459.0,0.0,205678400451.0,136653731270.0
532,SBS,2019,1,303339826883.0,0.0,205519795045.0,134187942476.0
533,SBS,2020,1,276851668512.0,0.0,204924239437.0,140786650165.0
534,SBS,2021,1,426460999049.0,0.0,208068208267.0,274764967752.0
535,SBS,2022,1,373449684946.0,0.0,219687936859.0,260933243370.0
536,SBS,2023,1,510336145782.0,0.0,342906182376.0,269299232874.0
537,SBS,2016,2,414382741124.0,0.0,214541440107.0,223824199303.0
538,SBS,2017,2,418490853623.0,0.0,203466118466.0,230251483514.0
539,SBS,2018,2,427451390658.0,0.0,205558059693.0,267138257538.0
540,SBS,2019,2,434862989007.0,0.0,206184802253.0,277285339866.0
541,SBS,2020,2,471666964143.0,0.0,200140480131.0,290111261558.0
542,SBS,2021,2,704371896402.0,0.0,209880672473.0,598625548341.0
543,SBS,2022,2,696768457197.0,0.0,218322092945.0,322033675887.0
544,SBS,2016,3,307359726244.0,0.0,214911368399.0,0.0
545,SBS,2017,3,287504059959.0,0.0,204075997017.0,143876119372.0
546,SBS,2018,3,295600142439.0,0.0,205876752826.0,147281552232.0
547,SBS,2019,3,312325446495.0,0.0,206090250168.0,164856999812.0
548,SBS,2020,3,273721515517.0,0.0,202149637973.0,126730375147.0
549,SBS,2021,3,476681047104.0,0.0,212511122578.0,356803785911.0
550,SBS,2022,3,443301387706.0,0.0,417624668772.0,338228869003.0
551,SBS,2014,4,514349789039.0,61000000000.0,208234308621.0,
552,SBS,2015,4,610663672062.0,84000000000.0,213956991289.0,
553,SBS,2016,4,372316546559.0,0.0,214605443421.0,0.0
554,SBS,2017,4,461098432476.0,0.0,205012190159.0,282139966393.0
555,SBS,2018,4,444019586256.0,0.0,205512391077.0,293569383724.0
556,SBS,2019,4,435249134490.0,0.0,205884342413.0,271317624940.0
557,SBS,2020,4,564684832487.0,0.0,207056801893.0,379480051136.0
558,SBS,2021,4,745965738163.0,0.0,216324828717.0,611862087710.0
559,SBS,2022,4,633159940075.0,0.0,343472591198.0,364159096813.0
560,PHS,2016,0,767675852468.0,384735000000.0,311087962557.0,556865515444.0
561,PHS,2017,0,1152906537252.0,556826000000.0,508413751436.0,708217046435.0
562,PHS,2018,0,1512415822665.0,647666000000.0,745863734566.0,1175167952987.0
563,PHS,2019,0,1676833891148.0,775236400000.0,770285449272.0,1152505700729.0
564,PHS,2020,0,2135100235050.0,747535000000.0,993428913823.0,1526115693192.0
565,PHS,2021,0,4766910736417.0,2255000000000.0,1604664182450.0,3538093574660.0
566,PHS,2022,0,3676223540195.0,1833020000000.0,1597443619209.0,1991637329285.0
567,PHS,2018,1,1198733271938.0,561248317091.0,520972002378.0,890753200599.0
568,PHS,2019,1,1431188701839.0,525862500000.0,761105957445.0,1171877791043.0
569,PHS,2020,1,1776322569178.0,524778800000.0,971368418276.0,1063256997012.0
570,PHS,2021,1,2520545940437.0,980780000000.0,1016215885044.0,1915498698720.0
571,PHS,2022,1,4595154357412.0,2179440000000.0,1648602495907.0,3403589542133.0
572,PHS,2023,1,3635403463163.0,1843440000000.0,1617388040765.0,2513199180184.0
573,PHS,2018,2,982125421356.0,376512588782.0,526584340379.0,761070693425.0
574,PHS,2019,2,1370000631683.0,501972450000.0,747070177256.0,1030797408941.0
575,PHS,2020,2,1554237780689.0,425310000000.0,961123301652.0,904374781484.0
576,PHS,2021,2,3092498074027.0,1259520000000.0,1019573160730.0,2219076376837.0
577,PHS,2022,2,4309065183315.0,2176615000000.0,1582579186791.0,2720420921418.0
578,PHS,2018,3,1410420706499.0,705278883291.0,533311835474.0,1177850054930.0
579,PHS,2019,3,1377964902840.0,460024185691.0,758075202769.0,1151500095981.0
580,PHS,2020,3,1724434379926.0,524858564384.0,974563557660.0,1107887067603.0
581,PHS,2021,3,3745534453196.0,1765850000000.0,1557682516977.0,2779978532519.0
582,PHS,2022,3,4418345546803.0,2251660000000.0,1571315646717.0,3172860164129.0
583,PHS,2016,4,767675852468.0,384735000000.0,311087962557.0,556865515444.0
584,PHS,2017,4,1152906537252.0,556826000000.0,508413751436.0,708217046435.0
585,PHS,2018,4,1512415822665.0,647666000000.0,745863734566.0,1175167952987.0
586,PHS,2019,4,1676833891148.0,775236400000.0,770285449272.0,1152505700729.0
587,PHS,2020,4,2135100235050.0,747535000000.0,993428913823.0,1526115693192.0
588,PHS,2021,4,4766910736417.0,2255000000000.0,1604664182450.0,3538093574660.0
589,PHS,2022,4,3676223540195.0,1833020000000.0,1597443619209.0,1991637329285.0
590,ORS,2014,0,491276879165.0,0.0,81287166836.0,
591,ORS,2015,0,484634561614.0,0.0,85091368434.0,
592,ORS,2016,0,455238149095.0,0.0,71587145388.0,183312295.0
593,ORS,2017,0,453524025540.0,0.0,68594300825.0,1813320035.0
594,ORS,2018,0,71634059656.0,0.0,56884409858.0,75000000.0
595,ORS,2019,0,327636684480.0,15000000000.0,271250019999.0,1426380509.0
596,ORS,2020,0,2198563610525.0,1000000000000.0,960516015958.0,127817183500.0
597,ORS,2021,0,4764070036075.0,2346050000000.0,2172077360393.0,1826492808483.0
598,ORS,2022,0,6706708866907.0,3060000000000.0,2307752209755.0,989753952462.0
599,ORS,2016,1,480153882443.0,3000000000.0,93172687471.0,1085690596.0
600,ORS,2017,1,454414281577.0,0.0,69441937674.0,1538584207.0
601,ORS,2018,1,453196280532.0,0.0,68773861580.0,2161039769.0
602,ORS,2019,1,220125343924.0,0.0,216282742440.0,0.0
603,ORS,2020,1,367328003293.0,0.0,337958037022.0,1191188054.0
604,ORS,2021,1,2548747585291.0,1000000000000.0,1057385458533.0,286155615556.0
605,ORS,2022,1,5376652120947.0,2436050000000.0,2393477181871.0,1984167518045.0
606,ORS,2023,1,6833941313791.0,3250000000000.0,2368778389216.0,863133393792.0
607,ORS,2016,2,468598132931.0,0.0,80202433302.0,1076432045.0
608,ORS,2017,2,452277066486.0,0.0,68523007476.0,727909927.0
609,ORS,2018,2,442340826674.0,0.0,58407052203.0,1018366424.0
610,ORS,2019,2,232806258943.0,0.0,221773906420.0,0.0
611,ORS,2020,2,525625791259.0,59831500000.0,348879153712.0,3597911613.0
612,ORS,2021,2,3532043607417.0,2000000000000.0,1111128698430.0,809735240921.0
613,ORS,2022,2,6058936737548.0,3242270000000.0,2264530358383.0,1574438581730.0
614,ORS,2016,3,459722139917.0,0.0,76276196444.0,990967116.0
615,ORS,2017,3,451577938209.0,0.0,67615116302.0,1010940053.0
616,ORS,2018,3,445627005923.0,0.0,58962182970.0,2142987023.0
617,ORS,2019,3,252374360716.0,0.0,242793160123.0,375054.0
618,ORS,2020,3,1427551730064.0,1000000000000.0,371670530922.0,7551155859.0
619,ORS,2021,3,6127827827082.0,3180000000000.0,2141698598770.0,1277196223200.0
620,ORS,2022,3,6552625514576.0,3346050000000.0,2335105119555.0,1564320873031.0
621,ORS,2014,4,491276879165.0,0.0,81287166836.0,
622,ORS,2015,4,484634561614.0,0.0,85091368434.0,
623,ORS,2016,4,455162395670.0,0.0,71611391963.0,183312295.0
624,ORS,2017,4,453567870733.0,0.0,68594300825.0,1813320035.0
625,ORS,2018,4,71589059656.0,0.0,56839166162.0,75000000.0
626,ORS,2019,4,324210362056.0,15000000000.0,263652830646.0,1426380509.0
627,ORS,2020,4,2151877089371.0,1000000000000.0,953125809907.0,127817183500.0
628,ORS,2021,4,4766857473053.0,2346050000000.0,2175838331711.0,1826492808483.0
629,ORS,2022,4,6723735571709.0,3060000000000.0,2321941130423.0,989753952462.0
630,HBS,2014,0,387069637354.0,0.0,369354038784.0,
631,HBS,2015,0,390677805597.0,0.0,370618627978.0,
632,HBS,2016,0,373809273471.0,0.0,372532072910.0,2126793278.0
633,HBS,2017,0,401285468499.0,0.0,375290188014.0,13266055934.0
634,HBS,2018,0,379030912364.0,0.0,377926922448.0,13630987465.0
635,HBS,2019,0,386713125890.0,0.0,385213438290.0,35024416206.0
636,HBS,2020,0,392231980217.0,0.0,389508118791.0,33305435275.0
637,HBS,2021,0,402009993770.0,0.0,397508946658.0,70793824116.0
638,HBS,2022,0,405763552603.0,0.0,402166516320.0,
639,HBS,2016,1,391406277804.0,0.0,370727604871.0,0.0
640,HBS,2017,1,374789957124.0,0.0,373229852985.0,5292628073.0
641,HBS,2018,1,377200783645.0,0.0,375746358616.0,4809796437.0
642,HBS,2019,1,380736735910.0,0.0,379553421304.0,22173054396.0
643,HBS,2020,1,388943817368.0,0.0,385804803795.0,31223398056.0
644,HBS,2021,1,392781847286.0,0.0,390307834008.0,48703719123.0
645,HBS,2022,1,439736592397.0,0.0,412241128230.0,75938359841.0
646,HBS,2023,1,408985223093.0,0.0,406757455902.0,
647,HBS,2016,2,373719043163.0,0.0,371800106915.0,17010900825.0
648,HBS,2017,2,375158515776.0,0.0,373930759422.0,11837329891.0
649,HBS,2018,2,378200438669.0,0.0,376444897833.0,11239768972.0
650,HBS,2019,2,381575907662.0,0.0,380609566989.0,4188723392.0
651,HBS,2020,2,388628633836.0,0.0,385640189241.0,20366061202.0
652,HBS,2021,2,393731908179.0,0.0,391295924432.0,123228411569.0
653,HBS,2022,2,402014278718.0,0.0,399458301640.0,31611688916.0
654,HBS,2016,3,373638963346.0,0.0,372109698953.0,6833861975.0
655,HBS,2017,3,375802433978.0,0.0,374512099325.0,21141028213.0
656,HBS,2018,3,378113704582.0,0.0,377002842512.0,41891367163.0
657,HBS,2019,3,383910571441.0,0.0,382950590982.0,18089272304.0
658,HBS,2020,3,388083850600.0,0.0,385665039421.0,27502006174.0
659,HBS,2021,3,394085030784.0,0.0,391855077636.0,127844538343.0
660,HBS,2022,3,404965932407.0,0.0,400811630730.0,2011849042.0
661,HBS,2014,4,387069637354.0,0.0,369354038784.0,
662,HBS,2015,4,390677805597.0,0.0,370618627978.0,
663,HBS,2016,4,373809273471.0,0.0,372532072910.0,2126793278.0
664,HBS,2017,4,401298588316.0,0.0,375303598375.0,13266055934.0
665,HBS,2018,4,378730912364.0,0.0,377626922448.0,13630987465.0
666,HBS,2019,4,386705344422.0,0.0,385576912748.0,35024416206.0
667,HBS,2020,4,392178731517.0,0.0,389233090173.0,33305435275.0
668,HBS,2021,4,402009993770.0,0.0,397508946658.0,70793824116.0
669,HBS,2022,4,407182871258.0,0.0,403977357299.0,
670,PSI,2014,0,813844326607.0,0.0,598983108466.0,
671,PSI,2015,0,1281779420754.0,0.0,598389223022.0,
672,PSI,2016,0,640484163329.0,0.0,603400916369.0,213332950999.0
673,PSI,2017,0,647235133697.0,0.0,608146562874.0,278868791097.0
674,PSI,2018,0,647669395188.0,0.0,612971921064.0,261276787252.0
675,PSI,2019,0,901009822738.0,235300000000.0,618816422176.0,399024937960.0
676,PSI,2020,0,1273705613494.0,475780000000.0,625250840136.0,627693076475.0
677,PSI,2021,0,2215989665281.0,1211350000000.0,651886791367.0,1159046601171.0
678,PSI,2022,0,2015326953572.0,1045980000000.0,659046306802.0,751230459507.0
679,PSI,2016,1,635032423762.0,0.0,599153781289.0,187573302021.0
680,PSI,2017,1,639145545964.0,0.0,601422807459.0,250978776115.0
681,PSI,2018,1,647799236938.0,0.0,607915196643.0,323388807063.0
682,PSI,2019,1,692384519938.0,0.0,624604016620.0,279299201195.0
683,PSI,2020,1,1026536529999.0,335200000000.0,618898058927.0,453420874656.0
684,PSI,2021,1,1524769889922.0,551570000000.0,629450166464.0,756092731511.0
685,PSI,2022,1,2161215454572.0,1129340000000.0,667474725099.0,1386735424744.0
686,PSI,2023,1,1890640806138.0,853880000000.0,669410840245.0,684493734566.0
687,PSI,2016,2,636528009668.0,0.0,600905736825.0,261887301164.0
688,PSI,2017,2,647200201509.0,0.0,605462093238.0,256752518678.0
689,PSI,2018,2,651892338039.0,0.0,610085081270.0,292370097318.0
690,PSI,2019,2,653151953373.0,0.0,616312739362.0,253846773350.0
691,PSI,2020,2,1075930237505.0,376300000000.0,621795713750.0,487237167868.0
692,PSI,2021,2,1670789818997.0,710140000000.0,633021628804.0,1029214406830.0
693,PSI,2022,2,2079031906947.0,984440000000.0,644994532029.0,1009193526473.0
694,PSI,2016,3,641332508862.0,0.0,602082815590.0,256027484601.0
695,PSI,2017,3,644477852244.0,0.0,606331470974.0,251572824953.0
696,PSI,2018,3,656906478185.0,0.0,613144717099.0,273908757619.0
697,PSI,2019,3,857922850979.0,195713100000.0,619309330102.0,398194114238.0
698,PSI,2020,3,1143360235149.0,434590000000.0,623549092092.0,562358011576.0
699,PSI,2021,3,2008596861370.0,1008950000000.0,635609464564.0,980460465463.0
700,PSI,2022,3,2448424090865.0,1196280000000.0,653928562285.0,1277180541266.0
701,PSI,2014,4,813844326607.0,0.0,598983108466.0,
702,PSI,2015,4,1281779420754.0,0.0,598389223022.0,
703,PSI,2016,4,640484163329.0,0.0,603400916369.0,213332950999.0
704,PSI,2017,4,647235133697.0,0.0,608146562874.0,278868791097.0
705,PSI,2018,4,647669395188.0,0.0,612971921064.0,261276787252.0
706,PSI,2019,4,901009822738.0,235300000000.0,618816422176.0,399024937960.0
707,PSI,2020,4,1273705613494.0,475780000000.0,625145329834.0,627693076475.0
708,PSI,2021,4,2224908099531.0,1211350000000.0,651886791367.0,1159046601171.0
709,PSI,2022,4,2015730599154.0,1045980000000.0,659558262571.0,751230459507.0
710,BSI,2014,0,1842531685408.0,234000000000.0,767609942372.0,
711,BSI,2015,0,2391159622237.0,623600000000.0,869135367974.0,
712,BSI,2016,0,1445953515669.0,249500000000.0,983935158463.0,471678060306.0
713,BSI,2017,0,2345975602240.0,274440000000.0,1209399916877.0,712391418816.0
714,BSI,2018,0,1757408900654.0,250000000000.0,1440364109809.0,806057499055.0
715,BSI,2019,0,2390601369821.0,520000000000.0,1379953394160.0,1160508193702.0
716,BSI,2020,0,2921020750104.0,817665631507.0,1490452962672.0,1778350763113.0
717,BSI,2021,0,6004732402734.0,3640232773098.0,1719257051388.0,3303209843347.0
718,BSI,2022,0,5591086508708.0,929457985372.0,4366397458467.0,2959576173127.0
719,BSI,2016,1,1375423138838.0,400885326862.0,886861077802.0,544792652539.0
720,BSI,2017,1,1623391242226.0,0.0,1006526614087.0,459248333346.0
721,BSI,2018,1,2249596991752.0,149000000000.0,1417956690963.0,899585634344.0
722,BSI,2019,1,2048207222747.0,200000000000.0,1464462371204.0,749978326144.0
723,BSI,2020,1,2411286407236.0,522000000000.0,1314053708824.0,966706037990.0
724,BSI,2021,1,3946184191826.0,1798918500000.0,1545337440501.0,2324379889642.0
725,BSI,2022,1,6502326618258.0,4227472133457.0,1802461888249.0,3686285824990.0
726,BSI,2023,1,6467023274321.0,1913569740776.0,4464085358101.0,3493044271812.0
727,BSI,2016,2,2862104782529.0,1910569540000.0,912978855248.0,344405002695.0
728,BSI,2017,2,1965815082035.0,585000000000.0,1094735784835.0,466179327300.0
729,BSI,2018,2,1967570451725.0,410000000000.0,1455489977771.0,837632891741.0
730,BSI,2019,2,1620721493321.0,77000000000.0,1382005875644.0,848179614929.0
731,BSI,2020,2,1822176001761.0,249945000000.0,1396492408171.0,1086149085350.0
732,BSI,2021,2,4702828122756.0,2371060500000.0,1540171986554.0,2926819784079.0
733,BSI,2022,2,5888620994425.0,3336225667288.0,1684918824552.0,2708560494241.0
734,BSI,2016,3,2140722540089.0,872980800000.0,940271473878.0,392280451944.0
735,BSI,2017,3,1860653764337.0,200000000000.0,1120954029175.0,622207299997.0
736,BSI,2018,3,1784941017384.0,200000000000.0,1493013791887.0,777193006166.0
737,BSI,2019,3,1781325682864.0,257000000000.0,1441857603628.0,934100175070.0
738,BSI,2020,3,2163551673278.0,415000000000.0,1463991517598.0,1078697312583.0
739,BSI,2021,3,5165239320429.0,3138625446137.0,1644487247399.0,3096316746783.0
740,BSI,2022,3,7277068861364.0,2601262388818.0,4350208179305.0,2695875009107.0
741,BSI,2014,4,1842531685408.0,234000000000.0,767609942372.0,
742,BSI,2015,4,2391159622237.0,623600000000.0,869135367974.0,
743,BSI,2016,4,1442870859409.0,301120500000.0,982441576880.0,471678060306.0
744,BSI,2017,4,2345975602240.0,274440000000.0,1209399916877.0,712391418816.0
745,BSI,2018,4,1757429160115.0,250000000000.0,1440384369270.0,806057499055.0
746,BSI,2019,4,2336193106536.0,520000000000.0,1380620063544.0,1106099930417.0
747,BSI,2020,4,2921020750104.0,817665631507.0,1491163761989.0,1778350763113.0
748,BSI,2021,4,6004732402734.0,3640232773098.0,1719257051388.0,3303209843347.0
749,BSI,2022,4,5594391959117.0,929457985372.0,4366397458467.0,2959576173127.0
750,IVS,2014,0,241642407330.0,0.0,174095475467.0,
751,IVS,2015,0,230566080099.0,0.0,168195580495.0,
752,IVS,2016,0,346387571607.0,0.0,342436163074.0,80528762514.0
753,IVS,2017,0,347064179332.0,0.0,342253012193.0,132759794202.0
754,IVS,2018,0,347648189132.0,0.0,342896548179.0,142181603322.0
755,IVS,2019,0,671654279446.0,0.0,666523158306.0,140652435851.0
756,IVS,2020,0,681714006281.0,0.0,675912437747.0,276658861336.0
757,IVS,2021,0,842240929063.0,115010000000.0,710882698988.0,537699734420.0
758,IVS,2022,0,811169005919.0,72900000000.0,728127603757.0,372030903789.0
759,IVS,2016,1,229423162822.0,0.0,168293949036.0,62560778351.0
760,IVS,2017,1,348415634840.0,0.0,342689216637.0,95668905194.0
761,IVS,2018,1,347405750711.0,0.0,342296842147.0,113831987747.0
762,IVS,2019,1,349535763112.0,0.0,344653898277.0,151097961229.0
763,IVS,2020,1,676986975339.0,0.0,672984159628.0,120169755586.0
764,IVS,2021,1,690604279713.0,0.0,683908542695.0,337391059577.0
765,IVS,2022,1,749136530778.0,19650000000.0,719785053013.0,436331541646.0
766,IVS,2023,1,784036364584.0,42000000000.0,736302808848.0,371284295117.0
767,IVS,2016,2,174797312435.0,0.0,163797482829.0,66825989861.0
768,IVS,2017,2,363544734987.0,0.0,342724394320.0,106134981945.0
769,IVS,2018,2,346856404192.0,0.0,342398718078.0,64923166815.0
770,IVS,2019,2,351024222532.0,0.0,346448532979.0,174381686076.0
771,IVS,2020,2,686047218011.0,0.0,680695265438.0,153551400330.0
772,IVS,2021,2,703351870769.0,495011000.0,695749162147.0,490565653492.0
773,IVS,2022,2,735039003888.0,0.0,726350207444.0,313976764112.0
774,IVS,2016,3,268375322021.0,0.0,163844191291.0,82358805600.0
775,IVS,2017,3,364650409729.0,0.0,342763444760.0,108227344769.0
776,IVS,2018,3,346735940115.0,0.0,342426916543.0,122931561593.0
777,IVS,2019,3,349078232532.0,0.0,345180399205.0,109609851931.0
778,IVS,2020,3,688454620912.0,0.0,683927069221.0,186994242244.0
779,IVS,2021,3,714980398845.0,0.0,706153729017.0,448152932108.0
780,IVS,2022,3,749234429305.0,13000000000.0,729979153412.0,331981678563.0
781,IVS,2014,4,241642407330.0,0.0,174095475467.0,
782,IVS,2015,4,230566080099.0,0.0,168195580495.0,
783,IVS,2016,4,346906746433.0,0.0,342851066124.0,80528762514.0
784,IVS,2017,4,347610691882.0,0.0,342799524743.0,132759794202.0
785,IVS,2018,4,347861189132.0,0.0,342896548179.0,142181603322.0
786,IVS,2019,4,674758163316.0,0.0,669627042176.0,140652435851.0
787,IVS,2020,4,695579758411.0,0.0,689412097742.0,276658861336.0
788,IVS,2021,4,842241465897.0,115010000000.0,712483128455.0,537699734420.0
789,IVS,2022,4,811169005919.0,72900000000.0,730545640237.0,372030903789.0
790,TVS,2014,0,751288668000.0,144935000000.0,511767728000.0,
791,TVS,2015,0,724237139000.0,40000000000.0,574000544000.0,
792,TVS,2016,0,1361144072173.0,636533000000.0,610048776809.0,90999383698.0
793,TVS,2017,0,1613073403895.0,802221000000.0,745121036021.0,155698810546.0
794,TVS,2018,0,2685174150228.0,1722025000000.0,873749527202.0,174053465157.0
795,TVS,2019,0,2986739785037.0,1956448000000.0,980277970495.0,164228754587.0
796,TVS,2020,0,3911080373377.0,2497820902000.0,1308177484587.0,182762276608.0
797,TVS,2021,0,7187117250469.0,3310363520305.0,1754912171919.0,409406354859.0
798,TVS,2022,0,9459575377956.0,3093384479000.0,1768482391097.0,106841916003.0
799,TVS,2016,1,801212959383.0,218550000000.0,551907338380.0,54500383618.0
800,TVS,2017,1,1717887977571.0,0.0,662682484375.0,103240155518.0
801,TVS,2018,1,2146089147568.0,1281130000000.0,819259180797.0,140309938237.0
802,TVS,2019,1,3287482121072.0,2300809992336.0,918030965771.0,219177486592.0
803,TVS,2020,1,2955220887713.0,1913100000000.0,900676979945.0,238535056722.0
804,TVS,2021,1,4064142561917.0,2486977088680.0,1459034766935.0,173771449125.0
805,TVS,2022,1,9393491516400.0,4522744428765.0,1810605249736.0,340927495090.0
806,TVS,2023,1,9989531312584.0,2789093133055.0,1844797331820.0,132220947968.0
807,TVS,2016,2,995044956832.0,401740000000.0,558445099133.0,64769279810.0
808,TVS,2017,2,1757091265014.0,1023594500000.0,706446628726.0,115843147143.0
809,TVS,2018,2,2585294537916.0,1704526000000.0,818795756263.0,105265739937.0
810,TVS,2019,2,2844619623035.0,1848470000000.0,903325431837.0,207651558416.0
811,TVS,2020,2,3240243272217.0,1942440000000.0,1102930905618.0,180868125047.0
812,TVS,2021,2,4884071922353.0,2931288898000.0,1536809094135.0,326247333399.0
813,TVS,2022,2,9222228395849.0,3401820687505.0,1757374357804.0,176511037405.0
814,TVS,2016,3,1225020822780.0,599376000000.0,572687823982.0,81264077020.0
815,TVS,2017,3,1601293655818.0,888360000000.0,686665818069.0,97257446307.0
816,TVS,2018,3,2623172512791.0,1708241000000.0,837288984595.0,169033523338.0
817,TVS,2019,3,2657529346301.0,1681560000000.0,933142443611.0,222903100762.0
818,TVS,2020,3,4740046756521.0,3351914459000.0,1172713295080.0,181172110624.0
819,TVS,2021,3,5829419851313.0,2838710000000.0,1606172589303.0,294024434147.0
820,TVS,2022,3,9569330376898.0,2917736310000.0,1761912987596.0,242450834081.0
821,TVS,2014,4,751288668000.0,144935000000.0,511767728000.0,
822,TVS,2015,4,724237139000.0,40000000000.0,574000544000.0,
823,TVS,2016,4,1359743506298.0,636533000000.0,606380610134.0,90999383698.0
824,TVS,2017,4,1606233403896.0,802221000000.0,738281036022.0,155698810546.0
825,TVS,2018,4,2685174150229.0,1722025000000.0,873749527203.0,174053465157.0
826,TVS,2019,4,2986739785037.0,1956448000000.0,980279881852.0,164228754587.0
827,TVS,2020,4,3920136503017.0,2497820902000.0,1308177484587.0,182762276608.0
828,TVS,2021,4,7185881933947.0,3310363520305.0,1753933451537.0,409406354859.0
829,TVS,2022,4,9459575377956.0,3093384479000.0,1768482391097.0,106841916003.0
830,TVB,2014,0,114615665580.0,0.0,81276438089.0,
831,TVB,2015,0,140034035888.0,35000000000.0,81913210384.0,
832,TVB,2016,0,162395310154.0,53899000000.0,102018549403.0,23136160582.0
833,TVB,2017,0,194402219479.0,24297152568.0,163892855012.0,58190448273.0
834,TVB,2018,0,258820603162.0,44300000000.0,183901510351.0,161101470057.0
835,TVB,2019,0,751525127354.0,176900000000.0,543550943579.0,304846651986.0
836,TVB,2020,0,960940403373.0,329070000000.0,602688541614.0,578537801299.0
837,TVB,2021,0,1805139783859.0,269485000000.0,1367868945017.0,1113593966629.0
838,TVB,2022,0,1335924049452.0,114480000000.0,1205441040011.0,378572150448.0
839,TVB,2016,1,124091593470.0,35000000000.0,86204143374.0,32228588531.0
840,TVB,2017,1,145713876899.0,35038000000.0,100650115482.0,52075633165.0
841,TVB,2018,1,191480436181.0,18300000000.0,167774494875.0,92666154110.0
842,TVB,2019,1,394403737694.0,99300550000.0,286314311081.0,159354602694.0
843,TVB,2020,1,833987157448.0,178870000000.0,552671478573.0,379067689046.0
844,TVB,2021,1,1241638602495.0,317990000000.0,828503770134.0,517683326404.0
845,TVB,2022,1,1929683090828.0,475085000000.0,1319116574154.0,857471592044.0
846,TVB,2023,1,1280728723486.0,48970000000.0,1224202059279.0,335704298140.0
847,TVB,2016,2,128627137027.0,35000000000.0,90919171983.0,21183492349.0
848,TVB,2017,2,184555871237.0,23297951722.0,156496224754.0,44222903228.0
849,TVB,2018,2,217256016520.0,19900000000.0,173286350176.0,112290919202.0
850,TVB,2019,2,442792408707.0,104196000000.0,291873603832.0,206722747703.0
851,TVB,2020,2,985105746916.0,307470000000.0,585304373332.0,631252139381.0
852,TVB,2021,2,1151775514810.0,249190000000.0,846181389105.0,676125798018.0
853,TVB,2022,2,1429206520651.0,147650000000.0,1243387648065.0,268870390287.0
854,TVB,2016,3,137190065924.0,35000000000.0,96466200564.0,20843642738.0
855,TVB,2017,3,208791241289.0,43197000000.0,160014692025.0,54543660647.0
856,TVB,2018,3,247196466907.0,59900000000.0,178820152723.0,154376497700.0
857,TVB,2019,3,487948420225.0,178960000000.0,295780104354.0,186805228361.0
858,TVB,2020,3,971710297978.0,348670000000.0,598430680842.0,520063555560.0
859,TVB,2021,3,1579056590385.0,269485000000.0,1240088334586.0,853440213041.0
860,TVB,2022,3,1371468108792.0,125440000000.0,1224261484985.0,556482450643.0
861,TVB,2014,4,114615665580.0,0.0,81276438089.0,
862,TVB,2015,4,140034035888.0,35000000000.0,81913210384.0,
863,TVB,2016,4,162395310154.0,53899000000.0,102018549403.0,23136160582.0
864,TVB,2017,4,194402219479.0,24297152568.0,163892855012.0,58190448273.0
865,TVB,2018,4,258820603162.0,44300000000.0,183901510351.0,161101470057.0
866,TVB,2019,4,751525127354.0,176900000000.0,543526354667.0,304846651986.0
867,TVB,2020,4,960940384865.0,329070000000.0,602749067499.0,578537801299.0
868,TVB,2021,4,1805139783859.0,269485000000.0,1370661412958.0,1113593966629.0
869,TVB,2022,4,1335924049453.0,114480000000.0,1204213752469.0,378572150448.0
870,MBS,2014,0,3063820398612.0,600000000000.0,1304791226459.0,
871,MBS,2015,0,3136134054344.0,665814541328.0,1308683749110.0,
872,MBS,2016,0,3518469718806.0,729088605941.0,1324176923911.0,2019375587655.0
873,MBS,2017,0,4271280044736.0,1407911824818.0,1284572544445.0,2616257740011.0
874,MBS,2018,0,3774820031832.0,1273581816346.0,1460472297571.0,2300284385457.0
875,MBS,2019,0,4750256464236.0,1456485721866.0,1669836216746.0,2689398963126.0
876,MBS,2020,0,7015596150799.0,2385034975264.0,2060368472704.0,4123339761796.0
877,MBS,2021,0,11047240715802.0,7101395702776.0,3411545908108.0,7151289176293.0
878,MBS,2022,0,10641369688557.0,5803679675270.0,4485032447457.0,3759499832736.0
879,MBS,2016,1,2880368242286.0,793338248173.0,1319820001773.0,1436270697418.0
880,MBS,2017,1,3795023447086.0,935303482281.0,1332480175287.0,1914709914983.0
881,MBS,2018,1,4523671616227.0,1805459614016.0,1355338079562.0,2670830173518.0
882,MBS,2019,1,3686589949535.0,600039953394.0,1498118939089.0,2467290998223.0
883,MBS,2020,1,4781439303707.0,1475388008582.0,1996209121528.0,2395484989050.0
884,MBS,2021,1,7939947282101.0,3500264921605.0,2160323717628.0,4733663266283.0
885,MBS,2022,1,12370710466112.0,8468978857170.0,3611639733730.0,7581759265732.0
886,MBS,2023,1,9561217727766.0,4789391625427.0,4606264594795.0,3732569800049.0
887,MBS,2016,2,2847350936825.0,669769008587.0,1318659916678.0,1545090659921.0
888,MBS,2017,2,4161291820603.0,946000000000.0,1334455539634.0,2166184245497.0
889,MBS,2018,2,4013641459735.0,1082675266625.0,1408993206730.0,2168660854010.0
890,MBS,2019,2,4003110964820.0,1497254188112.0,1565565937262.0,2643109078753.0
891,MBS,2020,2,4871626110601.0,1983031864504.0,1898952449950.0,2594775504246.0
892,MBS,2021,2,8912751535552.0,4487619446116.0,3057281664555.0,5442558228721.0
893,MBS,2022,2,11137353266407.0,7166759900401.0,3696831812754.0,6049138724330.0
894,MBS,2016,3,3160174175073.0,729548199714.0,1323911142475.0,1862320409212.0
895,MBS,2017,3,4137481067037.0,1141990000000.0,1279785959930.0,2422202157182.0
896,MBS,2018,3,3846001430423.0,1389307797122.0,1460167418534.0,2554710330432.0
897,MBS,2019,3,4578649488209.0,1696048409528.0,1611069056891.0,2564018677383.0
898,MBS,2020,3,5216541496431.0,2045777748519.0,1962577769590.0,2999645797175.0
899,MBS,2021,3,10666158353043.0,6796788332371.0,3240791007645.0,6994733120052.0
900,MBS,2022,3,12034806807158.0,6820280523569.0,3818019139066.0,7101882113846.0
901,MBS,2014,4,3063820398612.0,600000000000.0,1304791226459.0,
902,MBS,2015,4,3136134054344.0,665814541328.0,1308683749110.0,
903,MBS,2016,4,3552355268707.0,729088605941.0,1324176923911.0,2019375587655.0
904,MBS,2017,4,4271280044736.0,1407911824818.0,1284572544445.0,2616257740011.0
905,MBS,2018,4,3774820031832.0,1273581816346.0,1460472297571.0,2300284385457.0
906,MBS,2019,4,4750256464236.0,1456485721866.0,1669836216746.0,2689398963126.0
907,MBS,2020,4,7015596150799.0,2385034975264.0,2060368472704.0,4123339761796.0
908,MBS,2021,4,11047240715802.0,7101395702776.0,3411545908109.0,7151289176293.0
909,MBS,2022,4,10641220041635.0,5803679675270.0,4485032447457.0,3759499832736.0
910,HAC,2015,0,362209175624.0,0.0,309233024425.0,
911,HAC,2016,0,319768895841.0,0.0,311799208054.0,13215272451.0
912,HAC,2017,0,311422178445.0,0.0,301453304634.0,65813645632.0
913,HAC,2018,0,303610696166.0,0.0,293456067211.0,61425404599.0
914,HAC,2019,0,307271037537.0,0.0,298990111987.0,68427032420.0
915,HAC,2020,0,341077194090.0,9000000000.0,325901410375.0,120153324409.0
916,HAC,2021,0,375673809970.0,0.0,340804355958.0,179999043805.0
917,HAC,2022,0,247760191152.0,0.0,229424063097.0,93920664152.0
918,HAC,2017,1,322374323145.0,0.0,315819009192.0,38954500603.0
919,HAC,2018,1,308240322227.0,0.0,299186834044.0,76689271558.0
920,HAC,2019,1,304957269738.0,0.0,295364213485.0,52086415800.0
921,HAC,2020,1,302187091640.0,0.0,294518667732.0,68754291550.0
922,HAC,2021,1,374982301518.0,12210000000.0,328496870110.0,127719071917.0
923,HAC,2022,1,534200819343.0,155000000000.0,344142274936.0,217775945978.0
924,HAC,2023,1,245959534322.0,0.0,236006860961.0,96272960186.0
925,HAC,2016,2,316218000050.0,0.0,313421341135.0,5466990264.0
926,HAC,2017,2,312087777189.0,2340820001.0,298849309753.0,48814350657.0
927,HAC,2018,2,303929685788.0,0.0,293844265390.0,58667075950.0
928,HAC,2019,2,307128082676.0,4000000000.0,294428137951.0,67091703127.0
929,HAC,2020,2,313224053282.0,0.0,304870199574.0,85807553982.0
930,HAC,2021,2,389001976262.0,46000000000.0,316342894831.0,140770681649.0
931,HAC,2022,2,434608167819.0,122000000000.0,245651782561.0,136434252934.0
932,HAC,2017,3,307921781849.0,2340820001.0,295836860571.0,55220198840.0
933,HAC,2018,3,317505331753.0,0.0,307290610817.0,71428578748.0
934,HAC,2019,3,301846394610.0,0.0,293241374012.0,71470608978.0
935,HAC,2020,3,314598410588.0,0.0,307298291152.0,85252011195.0
936,HAC,2021,3,372668359894.0,23400000000.0,326164661337.0,171437885298.0
937,HAC,2022,3,286287219424.0,0.0,260801018139.0,142305326622.0
938,HAC,2015,4,362209175624.0,0.0,309233024425.0,
939,HAC,2016,4,319768895841.0,0.0,311799208054.0,13215272451.0
940,HAC,2017,4,311632250254.0,0.0,301721259551.0,65813645632.0
941,HAC,2018,4,303610696166.0,0.0,293456067211.0,61425404599.0
942,HAC,2019,4,307271037537.0,0.0,298990111987.0,68427032420.0
943,HAC,2020,4,341095304833.0,9000000000.0,325410760662.0,120153324409.0
944,HAC,2021,4,375704209227.0,0.0,340804388164.0,179999043805.0
945,HAC,2022,4,248806551343.0,0.0,230470423288.0,93920664152.0
946,FTS,2014,0,2166368547680.0,0.0,1258806016867.0,
947,FTS,2015,0,2095923714693.0,0.0,1340346937848.0,
948,FTS,2016,0,1493790263907.0,30000000000.0,1433410959773.0,1099157199408.0
949,FTS,2017,0,1796463674092.0,102500000000.0,1552797351669.0,1399031164975.0
950,FTS,2018,0,2501712916173.0,477200000000.0,1975176502150.0,1560722678544.0
951,FTS,2019,0,2523654562666.0,361500000000.0,2111021485315.0,1803294121910.0
952,FTS,2020,0,3395722971672.0,597000000000.0,2202166223231.0,2478957442207.0
953,FTS,2021,0,9455959420408.0,978000000000.0,2982643887261.0,6254439188608.0
954,FTS,2022,0,5287996409107.0,1308000000000.0,3348029743223.0,3735573953171.0
955,FTS,2016,1,1396715002727.0,0.0,1366460039976.0,1001297953742.0
956,FTS,2017,1,1485614541924.0,0.0,1454593273789.0,1112541543302.0
957,FTS,2018,1,2276937855773.0,127500000000.0,1615700753834.0,1763339375315.0
958,FTS,2019,1,2378713393519.0,279700000000.0,2054332074555.0,1731475779582.0
959,FTS,2020,1,2091224110840.0,50000000000.0,2013786988162.0,1478329709232.0
960,FTS,2021,1,3969591577214.0,599000000000.0,2347783726007.0,3221266914740.0
961,FTS,2022,1,7716817169453.0,1278000000000.0,3136896159895.0,6197706899302.0
962,FTS,2023,1,5437583150543.0,1443000000000.0,3375683912155.0,3863609674963.0
963,FTS,2016,2,1395788966190.0,0.0,1366422728816.0,1059446033583.0
964,FTS,2017,2,1517564149831.0,30000000000.0,1450414295686.0,1210456612239.0
965,FTS,2018,2,2221012383554.0,565300000000.0,1607462545724.0,1816270712370.0
966,FTS,2019,2,2509724645186.0,361700000000.0,2101839592658.0,1738546219757.0
967,FTS,2020,2,2540965084558.0,428000000000.0,2053962712027.0,1759692533663.0
968,FTS,2021,2,6167825711823.0,1085000000000.0,2558007065231.0,4679135727145.0
969,FTS,2022,2,6221853905267.0,1065000000000.0,3211655822045.0,4648565145060.0
970,FTS,2016,3,1564805477295.0,140000000000.0,1397899961536.0,1154336250586.0
971,FTS,2017,3,1522538759269.0,0.0,1490701739289.0,1184521828405.0
972,FTS,2018,3,2672762343783.0,477200000000.0,1655828247878.0,1916600869772.0
973,FTS,2019,3,2453366887485.0,286500000000.0,2122871710835.0,1850683091053.0
974,FTS,2020,3,2740061085992.0,587000000000.0,2101335019344.0,1866413292648.0
975,FTS,2021,3,6525961921945.0,1115000000000.0,2808433181656.0,4729529064255.0
976,FTS,2022,3,6274287391152.0,1108000000000.0,3257566202115.0,4820232879074.0
977,FTS,2014,4,2166368547680.0,0.0,1258806016867.0,
978,FTS,2015,4,2095923714693.0,0.0,1340346937848.0,
979,FTS,2016,4,1493790263907.0,30000000000.0,1433410959773.0,1099157199408.0
980,FTS,2017,4,1796463674092.0,102500000000.0,1552797351669.0,1399031164975.0
981,FTS,2018,4,2501712916173.0,477200000000.0,1975176502150.0,1560722678544.0
982,FTS,2019,4,2523653859818.0,361500000000.0,2111021485315.0,1803294121910.0
983,FTS,2020,4,3395722971672.0,597000000000.0,2202166223231.0,2478957442207.0
984,FTS,2021,4,9455959420408.0,978000000000.0,2982643887261.0,6254439188608.0
985,FTS,2022,4,5287996409107.0,1308000000000.0,3348029743223.0,3735573953171.0
986,FSC,2016,0,361819740601.0,0.0,355457184720.0,126662211640.0
987,FSC,2017,0,365354618291.0,0.0,346007694874.0,144899568993.0
988,FSC,2018,0,1525208270728.0,459794300000.0,1048312757023.0,1239236254260.0
989,FSC,2016,1,478540503600.0,0.0,361712528864.0,101911806728.0
990,FSC,2017,1,364677995086.0,0.0,359649081511.0,116330962399.0
991,FSC,2018,1,604279478229.0,227040000000.0,343497834211.0,418461961579.0
992,FSC,2016,2,374661311266.0,0.0,366194817197.0,96248888818.0
993,FSC,2017,2,381727307065.0,0.0,354764346600.0,123155728895.0
994,FSC,2018,2,697971035160.0,340840000000.0,339599816081.0,510148724066.0
995,FSC,2016,3,361217458360.0,0.0,355105314611.0,110643623732.0
996,FSC,2017,3,371538564989.0,0.0,356083385285.0,94403554795.0
997,FSC,2018,3,1283125474637.0,229000000000.0,1035529806723.0,748485522455.0
998,FSC,2016,4,361819740601.0,0.0,355457184720.0,126662211640.0
999,FSC,2017,4,364158795191.0,0.0,344811871774.0,144899568993.0
1000,FSC,2018,4,1525208270728.0,459794300000.0,1048312757023.0,1239236254260.0
1001,VCI,2016,0,3110547766840.0,1094008000000.0,1276557709993.0,1397155100105.0
1002,VCI,2017,0,6402011745204.0,2340710418662.0,3019395197245.0,3437438318672.0
1003,VCI,2018,0,6509995923207.0,2320280000000.0,3642977730785.0,2791581873329.0
1004,VCI,2019,0,7242960228473.0,2532550000000.0,4051605850657.0,3032275456987.0
1005,VCI,2020,0,8382405125440.0,3364450000000.0,4521486519714.0,3881642718172.0
1006,VCI,2021,0,16636264947117.0,8326750000000.0,6541863245387.0,7701237131479.0
1007,VCI,2022,0,14242751316822.0,6873307142857.0,6495468171614.0,5279279236685.0
1008,VCI,2016,1,2995487250513.0,499700000000.0,1062582330997.0,1301429263874.0
1009,VCI,2017,1,2995579067428.0,1032358000000.0,1317868664822.0,1641226474309.0
1010,VCI,2018,1,7176055864295.0,2689554000000.0,3591277511378.0,4079615033370.0
1011,VCI,2019,1,5503683036361.0,1432600000000.0,3615941571916.0,2316732627435.0
1012,VCI,2020,1,7160412080856.0,3048065000000.0,3612933079163.0,2827948350941.0
1013,VCI,2021,1,9410284891684.0,4027390000000.0,4910901295895.0,4871265630789.0
1014,VCI,2022,1,17045909519104.0,8856330000000.0,7150187464685.0,8140166410037.0
1015,VCI,2023,1,14998472092947.0,7380287142857.0,6867904966439.0,5103481824303.0
1016,VCI,2016,2,2963133836693.0,640500000000.0,1047783971606.0,1630907324794.0
1017,VCI,2017,2,3968999978365.0,2033492800000.0,1412958811245.0,2199487526724.0
1018,VCI,2018,2,7919209660201.0,2969920000000.0,3595986210190.0,4381058300611.0
1019,VCI,2019,2,6187154600619.0,2290810000000.0,3497992019729.0,3013507982402.0
1020,VCI,2020,2,6723779778299.0,2460320000000.0,3977927923727.0,2023220163534.0
1021,VCI,2021,2,11516672081700.0,5526615000000.0,5302893595855.0,5546045880015.0
1022,VCI,2022,2,16427416373034.0,8437480000000.0,7141499572237.0,6401822283739.0
1023,VCI,2016,3,3013098801142.0,648200000000.0,1166776456597.0,1333359130469.0
1024,VCI,2017,3,5360698474640.0,1833782000000.0,2654744109833.0,3199099499220.0
1025,VCI,2018,3,7370344558669.0,2489430000000.0,3775259017839.0,4074465247584.0
1026,VCI,2019,3,6565027514128.0,1984150000000.0,3792798675917.0,2943909678394.0
1027,VCI,2020,3,6747968697132.0,2501060000000.0,4000108060474.0,3010257122566.0
1028,VCI,2021,3,13666310426328.0,6332550000000.0,6337617080778.0,6449015295653.0
1029,VCI,2022,3,15701703951821.0,8259680000000.0,6591328117164.0,6613989267865.0
1030,VCI,2016,4,3110547766840.0,1094008000000.0,1276557709993.0,1397155100105.0
1031,VCI,2017,4,6402011745204.0,2340710418662.0,3019395197245.0,3437438318672.0
1032,VCI,2018,4,6509995923207.0,2320280000000.0,3642977730785.0,2791581873329.0
1033,VCI,2019,4,7242960228473.0,2532550000000.0,4051605850657.0,3032275456987.0
1034,VCI,2020,4,8382405125440.0,3364450000000.0,4521486519714.0,3881642718172.0
1035,VCI,2021,4,16636264947117.0,8326750000000.0,6541863245387.0,7701237131479.0
1036,VCI,2022,4,14242751316822.0,6873307142857.0,6495468171614.0,5279279236685.0
1037,ART,2014,0,195316365340.0,0.0,105872527941.0,
1038,ART,2015,0,155079189830.0,0.0,130621929191.0,
1039,ART,2016,0,156961160458.0,0.0,135809762144.0,19990751484.0
1040,ART,2017,0,432666067375.0,0.0,399211238876.0,363189820143.0
1041,ART,2018,0,1081189939951.0,0.0,1049152310856.0,230475844714.0
1042,ART,2019,0,1160943991211.0,0.0,1126573783304.0,155493205282.0
1043,ART,2020,0,1136085065022.0,0.0,1124196916219.0,146188514360.0
1044,ART,2021,0,1171495155456.0,0.0,1157512792155.0,181265735779.0
1045,ART,2016,1,151657913951.0,0.0,127881498736.0,4317472271.0
1046,ART,2017,1,179471899064.0,0.0,153086053709.0,79855135970.0
1047,ART,2018,1,445932838129.0,0.0,400091039935.0,222007494866.0
1048,ART,2019,1,1072627761732.0,0.0,1053270544618.0,191132930452.0
1049,ART,2020,1,1107869768524.0,0.0,1088223104672.0,146287990469.0
1050,ART,2021,1,1118532629410.0,0.0,1110621236385.0,149138149513.0
1051,ART,2016,2,144491782930.0,0.0,125444355020.0,3068856898.0
1052,ART,2017,2,215263350511.0,0.0,182507167813.0,38430983052.0
1053,ART,2018,2,442903398302.0,0.0,420474549969.0,96288911677.0
1054,ART,2019,2,1083811251653.0,0.0,1062780856186.0,337894285558.0
1055,ART,2020,2,1142056786359.0,0.0,1123321433872.0,192447440454.0
1056,ART,2021,2,1134587446151.0,0.0,1125892784025.0,162773259553.0
1057,ART,2016,3,169599554104.0,0.0,128177154708.0,10654026416.0
1058,ART,2017,3,226390729882.0,0.0,197216490813.0,124676811451.0
1059,ART,2018,3,1059336133833.0,0.0,1025008941600.0,145346583382.0
1060,ART,2019,3,1098225606415.0,0.0,1077277373115.0,137682204868.0
1061,ART,2020,3,1137706080739.0,0.0,1124172778576.0,140585790905.0
1062,ART,2021,3,1142124186508.0,0.0,1132398658902.0,174335480890.0
1063,ART,2014,4,195316365340.0,0.0,105872527941.0,
1064,ART,2015,4,155079189830.0,0.0,130621929191.0,
1065,ART,2016,4,243532786825.0,0.0,135700573142.0,19990751484.0
1066,ART,2017,4,433180099380.0,0.0,399254353573.0,363189820143.0
1067,ART,2018,4,1081623580190.0,0.0,1049120208207.0,230475844714.0
1068,ART,2019,4,1160851124383.0,0.0,1129035004400.0,155493205282.0
1069,ART,2020,4,1136085065022.0,0.0,1124196916219.0,146188514360.0
1070,ART,2021,4,1171495155456.0,0.0,1157498097336.0,181265735779.0
1071,DSC,2015,0,53760968830.0,0.0,53325918622.0,18295500000.0
1072,DSC,2016,0,50380833343.0,0.0,50268506085.0,25927300000.0
1073,DSC,2017,0,63537501951.0,0.0,60825930869.0,7081900000.0
1074,DSC,2018,0,86937400253.0,0.0,85298194128.0,14758274577.0
1075,DSC,2019,0,68282355349.0,0.0,66694577416.0,5206087083.0
1076,DSC,2020,0,68800184901.0,0.0,67188479750.0,8741300094.0
1077,DSC,2021,0,1809285475309.0,761835200000.0,1032040805510.0,341830395544.0
1078,DSC,2022,0,2409334003474.0,1311094091490.0,1065488039323.0,997678312283.0
1079,DSC,2016,1,54394064597.0,0.0,53965297170.0,29823700000.0
1080,DSC,2017,1,51246701894.0,0.0,51002174582.0,33847800000.0
1081,DSC,2018,1,76798316433.0,23000000.0,72738302311.0,13703779770.0
1082,DSC,2019,1,85931846149.0,0.0,84717218296.0,11699171168.0
1083,DSC,2020,1,67609771434.0,0.0,66716103886.0,24145260852.0
1084,DSC,2021,1,69611815355.0,0.0,66965467419.0,19204477692.0
1085,DSC,2022,1,1792598315406.0,732593076221.0,1045866210519.0,241373101416.0
1086,DSC,2023,1,2856946717418.0,1749148697018.0,1076621190813.0,964020561994.0
1087,DSC,2016,2,54497793896.0,0.0,54214878600.0,23385000000.0
1088,DSC,2017,2,51462772586.0,0.0,51197066409.0,16559200000.0
1089,DSC,2018,2,90407045876.0,0.0,85235741968.0,15673032208.0
1090,DSC,2019,2,68499815619.0,0.0,66926539563.0,7199706830.0
1091,DSC,2020,2,67487497524.0,0.0,66562646629.0,5357586240.0
1092,DSC,2021,2,68852470656.0,0.0,65373403010.0,9157184046.0
1093,DSC,2022,2,2077534074484.0,1020818003000.0,1041724076073.0,200159542216.0
1094,DSC,2016,3,54575020509.0,0.0,54315609724.0,26294700000.0
1095,DSC,2017,3,51911994451.0,0.0,51523766822.0,8789860000.0
1096,DSC,2018,3,86823854167.0,0.0,85446093567.0,13035967837.0
1097,DSC,2019,3,68309002523.0,0.0,66982264681.0,6341500309.0
1098,DSC,2020,3,66498444668.0,0.0,65917787694.0,5745424190.0
1099,DSC,2021,3,1238793269369.0,226094600000.0,1008142923893.0,62353556663.0
1100,DSC,2022,3,1958135749626.0,887531501100.0,1050320859156.0,714355149261.0
1101,DSC,2015,4,53760968830.0,0.0,53325918622.0,18295500000.0
1102,DSC,2016,4,52718072981.0,0.0,52333241591.0,25927300000.0
1103,DSC,2017,4,63369929132.0,0.0,60824742545.0,7081900000.0
1104,DSC,2018,4,86943726807.0,0.0,85303255371.0,14758274577.0
1105,DSC,2019,4,68225597222.0,0.0,66650642835.0,5206087083.0
1106,DSC,2020,4,68694157756.0,0.0,67097296406.0,8741300094.0
1107,DSC,2021,4,1809285475309.0,761835200000.0,1032040805510.0,341830395544.0
1108,DSC,2022,4,2409334642474.0,1311094091490.0,1064916905302.0,997678312283.0
1109,HFT,2015,0,71473847987.0,0.0,68416333902.0,0.0
1110,HFT,2016,0,79470161076.0,0.0,78612995234.0,213047000.0
1111,HFT,2017,0,89726271588.0,0.0,82351762535.0,17635798792.0
1112,HFT,2018,0,88418277837.0,0.0,87464361432.0,24366385337.0
1113,HFT,2019,0,600556476404.0,0.0,597798974782.0,67091177939.0
1114,HFT,2016,1,86113814404.0,0.0,68050196282.0,0.0
1115,HFT,2017,1,79749914301.0,0.0,79028574168.0,3810000.0
1116,HFT,2018,1,93273982836.0,0.0,83562863858.0,21631941321.0
1117,HFT,2019,1,103140334104.0,875947000.0,87768662318.0,29418308516.0
1118,HFT,2020,1,596769428650.0,0.0,594562552124.0,97395440549.0
1119,HFT,2016,2,81586281202.0,0.0,76690450562.0,0.0
1120,HFT,2017,2,81160866588.0,0.0,80253864808.0,38626000.0
1121,HFT,2018,2,91368391375.0,0.0,84629725624.0,19590901577.0
1122,HFT,2019,2,91178034923.0,2600000000.0,87592983002.0,38207905144.0
1123,HFT,2016,3,78156576813.0,0.0,77413823943.0,0.0
1124,HFT,2017,3,83588304780.0,0.0,80689141888.0,2115691000.0
1125,HFT,2018,3,90866322125.0,0.0,86158993577.0,29643784335.0
1126,HFT,2019,3,603140455291.0,0.0,600314553079.0,47231280254.0
1127,HFT,2015,4,71473847987.0,0.0,68416333902.0,0.0
1128,HFT,2016,4,79470161076.0,0.0,78612995234.0,213047000.0
1129,HFT,2017,4,89774160372.0,0.0,81877070708.0,17635798792.0
1130,HFT,2018,4,88418277839.0,0.0,87464361434.0,24366385337.0
1131,HFT,2019,4,600541347320.0,0.0,597783845698.0,67091177939.0
1132,EVS,2016,0,401935267000.0,0.0,394534410353.0,505141774014.0
1133,EVS,2017,0,681404953351.0,0.0,672232005184.0,299913558146.0
1134,EVS,2018,0,1051638240667.0,297600000000.0,714086143383.0,763082039552.0
1135,EVS,2019,0,1266423372581.0,526300000000.0,721250684502.0,682826451758.0
1136,EVS,2020,0,879598966033.0,51100000000.0,778062111921.0,512516277602.0
1137,EVS,2021,0,3210721564562.0,1029122181582.0,1867706523990.0,1762153805152.0
1138,EVS,2022,0,2454961080773.0,343434117315.0,1922534664526.0,243616529872.0
1139,EVS,2017,1,420497051147.0,9990000000.0,395790856436.0,588075976837.0
1140,EVS,2018,1,738074299802.0,0.0,705869444678.0,410263027854.0
1141,EVS,2019,1,1187028591820.0,435200000000.0,719962788432.0,570944102225.0
1142,EVS,2020,1,1171158837786.0,312400000000.0,709948311948.0,486245670545.0
1143,EVS,2021,1,1141871831712.0,180510548628.0,850003278139.0,
1144,EVS,2022,1,3304444051668.0,816835396521.0,1876528860915.0,1779723996874.0
1145,EVS,2023,1,2315240156243.0,311339517315.0,1887148306968.0,244216939768.0
1146,EVS,2017,2,402715575874.0,0.0,396821397296.0,556131455452.0
1147,EVS,2018,2,728455596072.0,26200000000.0,689826360873.0,476270505978.0
1148,EVS,2019,2,1143555952830.0,392600000000.0,715264660870.0,746823000356.0
1149,EVS,2020,2,991707156943.0,211500000000.0,724601977874.0,532772664172.0
1150,EVS,2021,2,1866253543950.0,765040867306.0,953681157774.0,1065655999491.0
1151,EVS,2022,2,2720159113981.0,583008033698.0,1988571233428.0,997043145462.0
1152,EVS,2017,3,452845777392.0,20000000000.0,427503708545.0,574532525396.0
1153,EVS,2018,3,991884321435.0,260400000000.0,711869837584.0,706239757794.0
1154,EVS,2019,3,1270044081279.0,514000000000.0,729697549731.0,759338043834.0
1155,EVS,2020,3,1025569804555.0,240800000000.0,731994262558.0,640185300950.0
1156,EVS,2021,3,2354409324460.0,1131898745483.0,1010840239271.0,1423957956563.0
1157,EVS,2022,3,2483689131662.0,554202310662.0,1842303959262.0,632057799798.0
1158,EVS,2016,4,401935267000.0,0.0,394534410353.0,505141774014.0
1159,EVS,2017,4,681404953351.0,0.0,672232005184.0,299913558146.0
1160,EVS,2018,4,1051638240667.0,297600000000.0,714193543023.0,763082039552.0
1161,EVS,2019,4,1266401317733.0,526300000000.0,721228629654.0,682826451758.0
1162,EVS,2020,4,879598966033.0,51100000000.0,778062111921.0,512516277602.0
1163,EVS,2021,4,3263061564562.0,909122181582.0,1867502391891.0,1762153805152.0
1164,EVS,2022,4,2454961080773.0,343434117315.0,1922534664526.0,243616529872.0
1165,BMS,2016,0,1575818262497.0,329413300000.0,321054171359.0,17776935658.0
1166,BMS,2017,0,376164332697.0,782900000.0,356979135328.0,3960702657.0
1167,BMS,2018,0,754320500119.0,150582500000.0,546988694519.0,3729288213.0
1168,BMS,2019,0,804027880820.0,160382100000.0,596067523199.0,26094870180.0
1169,BMS,2020,0,851260584526.0,180000000000.0,635999260944.0,4738058651.0
1170,BMS,2021,0,1212970384909.0,200000000000.0,807853239699.0,40119105482.0
1171,BMS,2022,0,1026726553863.0,0.0,711360846207.0,3720218149.0
1172,BMS,2017,1,1078493324110.0,90541700000.0,324752320290.0,17843358452.0
1173,BMS,2018,1,931004165065.0,276732800000.0,578145147021.0,3816117772.0
1174,BMS,2019,1,801879824069.0,160532400000.0,595254110067.0,4197560957.0
1175,BMS,2020,1,571612445552.0,332000000.0,554705825620.0,25950008953.0
1176,BMS,2021,1,668469349551.0,0.0,648864790164.0,4316582655.0
1177,BMS,2022,1,1429206580792.0,200000000000.0,908467133364.0,62975182989.0
1178,BMS,2023,1,1050192771201.0,0.0,724280748661.0,3819157830.0
1179,BMS,2017,2,576620585450.0,883100000.0,330993360894.0,6553446772.0
1180,BMS,2018,2,822339312338.0,245682700000.0,528913666721.0,3653115640.0
1181,BMS,2019,2,836397871340.0,160482300000.0,614923938606.0,3641652645.0
1182,BMS,2020,2,760305599327.0,180281900000.0,560250695088.0,25051477993.0
1183,BMS,2021,2,864063695233.0,0.0,773157186134.0,13434947172.0
1184,BMS,2022,2,1243875010591.0,162507950820.0,776220297394.0,59945883869.0
1185,BMS,2017,3,441475241640.0,32579508867.0,329802792325.0,7300651621.0
1186,BMS,2018,3,739899460131.0,150632600000.0,542892921240.0,3654404698.0
1187,BMS,2019,3,773676490695.0,160432200000.0,572986350414.0,15996407812.0
1188,BMS,2020,3,727817588878.0,180000000000.0,534456997964.0,24950324532.0
1189,BMS,2021,3,1211962381270.0,200000000000.0,733077139381.0,113129936179.0
1190,BMS,2022,3,1159224035928.0,0.0,791526526797.0,11377703576.0
1191,BMS,2016,4,1575818262497.0,329413300000.0,321054171359.0,17776935658.0
1192,BMS,2017,4,376164332697.0,782900000.0,356979135328.0,3960702657.0
1193,BMS,2018,4,754320500119.0,150582500000.0,547621227615.0,3729288213.0
1194,BMS,2019,4,804027880820.0,160038210000.0,571067523199.0,26094870180.0
1195,BMS,2020,4,851260584526.0,180000000000.0,635999260944.0,4738058651.0
1196,BMS,2021,4,1212970384909.0,200000000000.0,807853239699.0,40119105482.0
1197,BMS,2022,4,1026726553863.0,0.0,711360846207.0,3720218149.0
1198,TCI,2016,0,348328405754.0,0.0,346930908298.0,55119239334.0
1199,TCI,2017,0,324304523003.0,0.0,322795133129.0,670753028.0
1200,TCI,2018,0,360725586527.0,0.0,342747640235.0,23354350568.0
1201,TCI,2019,0,439556890973.0,62500000000.0,363072185920.0,152756753063.0
1202,TCI,2020,0,760919318190.0,305412412320.0,433790784338.0,358197277032.0
1203,TCI,2021,0,1572726207967.0,339735650000.0,1196624282155.0,962585292620.0
1204,TCI,2022,0,1393404635577.0,149989000000.0,1206732369471.0,223147534819.0
1205,TCI,2017,1,342074622041.0,0.0,340342757518.0,56510776595.0
1206,TCI,2018,1,325516392037.0,0.0,324765157296.0,39339726.0
1207,TCI,2019,1,359430565553.0,0.0,341941195379.0,73252391774.0
1208,TCI,2020,1,433556006267.0,85000000000.0,343889709505.0,88836510758.0
1209,TCI,2021,1,1008150523410.0,372849648950.0,605637539992.0,466794383222.0
1210,TCI,2022,1,1738406661326.0,478159000000.0,1231185266058.0,773394335803.0
1211,TCI,2023,1,1381974644977.0,104184000000.0,1228310160028.0,162306802226.0
1212,TCI,2017,2,323786498140.0,0.0,319152638869.0,78005074.0
1213,TCI,2018,2,373343132058.0,0.0,327721611374.0,97291875.0
1214,TCI,2019,2,366862430613.0,0.0,346392897170.0,78382247870.0
1215,TCI,2020,2,382931038048.0,3800000000.0,369703583831.0,100380533744.0
1216,TCI,2021,2,1167898145959.0,433171000000.0,647343584644.0,800594858936.0
1217,TCI,2022,2,1475166878761.0,250000000000.0,1191914950010.0,509119106993.0
1218,TCI,2017,3,321781640395.0,0.0,319939233096.0,22783648.0
1219,TCI,2018,3,359678740122.0,0.0,346100311271.0,2471969323.0
1220,TCI,2019,3,391090598128.0,0.0,356576560209.0,117982944705.0
1221,TCI,2020,3,509778674901.0,102472748130.0,392025605166.0,257984413805.0
1222,TCI,2021,3,995622810701.0,248000000000.0,690262822193.0,622778590095.0
1223,TCI,2022,3,1529009624696.0,297972500000.0,1201309585433.0,693631429564.0
1224,TCI,2016,4,348328405754.0,0.0,346930908298.0,55119239334.0
1225,TCI,2017,4,324304523003.0,0.0,322795133129.0,670753028.0
1226,TCI,2018,4,360725586527.0,0.0,342747640235.0,23354350568.0
1227,TCI,2019,4,439553946973.0,62500000000.0,363072185920.0,152756753063.0
1228,TCI,2020,4,760919318190.0,305412412320.0,433790784338.0,358197277032.0
1229,TCI,2021,4,1572726207967.0,339735650000.0,1196624282155.0,962585292620.0
1230,TCI,2022,4,1393404635577.0,149989000000.0,1206732369471.0,223147534819.0
1231,CSI,2016,0,26430236737.0,0.0,26119016142.0,0.0
1232,CSI,2017,0,44957606721.0,0.0,44272546103.0,0.0
1233,CSI,2018,0,158109950630.0,0.0,157547031242.0,10289960975.0
1234,CSI,2019,0,158835412456.0,0.0,157958861841.0,26537918582.0
1235,CSI,2020,0,173807040311.0,0.0,171436998644.0,22717520993.0
1236,CSI,2021,0,182882062527.0,0.0,180496699062.0,17694571956.0
1237,CSI,2022,0,197483080930.0,0.0,193194967103.0,6717260950.0
1238,CSI,2017,1,25430366328.0,0.0,24336533084.0,0.0
1239,CSI,2018,1,42582346897.0,0.0,41909232418.0,0.0
1240,CSI,2019,1,159480815355.0,0.0,157813458118.0,432190433.0
1241,CSI,2020,1,158221349718.0,0.0,156879975893.0,24717161732.0
1242,CSI,2021,1,172019563686.0,0.0,170946659055.0,13853188580.0
1243,CSI,2022,1,180785412029.0,0.0,179403198448.0,16270863878.0
1244,CSI,2023,1,190578833152.0,0.0,189485237168.0,7433993938.0
1245,CSI,2017,2,23882512454.0,0.0,23482674912.0,0.0
1246,CSI,2018,2,40884498979.0,0.0,40277349500.0,3381271.0
1247,CSI,2019,2,159194586885.0,4600000000.0,153711094066.0,15134423923.0
1248,CSI,2020,2,168862799546.0,0.0,166963202261.0,29062586745.0
1249,CSI,2021,2,176084781638.0,0.0,174237414129.0,8407320616.0
1250,CSI,2022,2,184290111603.0,0.0,182507313650.0,4282517095.0
1251,CSI,2017,3,48118078658.0,0.0,46812876273.0,0.0
1252,CSI,2018,3,147915686441.0,0.0,146897239060.0,39503500.0
1253,CSI,2019,3,159716625801.0,0.0,158936674997.0,22798477104.0
1254,CSI,2020,3,170491659875.0,0.0,169504420710.0,14827297395.0
1255,CSI,2021,3,179669585853.0,0.0,177781786222.0,7939064372.0
1256,CSI,2022,3,182463664518.0,0.0,180935003634.0,3535161505.0
1257,CSI,2016,4,26430236737.0,0.0,26119016142.0,0.0
1258,CSI,2017,4,44731879900.0,0.0,44047367251.0,0.0
1259,CSI,2018,4,158117412404.0,0.0,157488493016.0,10289960975.0
1260,CSI,2019,4,158759272103.0,0.0,157882721488.0,26537918582.0
1261,CSI,2020,4,173714666775.0,0.0,171360139865.0,22717520993.0
1262,CSI,2021,4,182882062527.0,0.0,180527943435.0,17694571956.0
1263,CSI,2022,4,197483080930.0,0.0,193194967103.0,6717260950.0
1264,VFS,2016,0,137172835940.0,0.0,136189157369.0,73324721068.0
1265,VFS,2017,0,214752834171.0,70000000000.0,138549244881.0,63735038633.0
1266,VFS,2018,0,315922683776.0,100000000000.0,208329436914.0,61588038308.0
1267,VFS,2019,0,534855641617.0,100000000000.0,425049749895.0,120053008300.0
1268,VFS,2020,0,570460221391.0,100000000000.0,460775339416.0,190411937341.0
1269,VFS,2021,0,952840380687.0,0.0,941175148643.0,321778079699.0
1270,VFS,2022,0,1017956254480.0,0.0,989726523408.0,282017029539.0
1271,VFS,2017,1,140757180186.0,0.0,138916768480.0,69865645429.0
1272,VFS,2018,1,215090133825.0,70000000000.0,137169468942.0,58390790638.0
1273,VFS,2019,1,316924304214.0,100000000000.0,206793185434.0,74660006108.0
1274,VFS,2020,1,536407268389.0,100000000000.0,426237302392.0,154032979394.0
1275,VFS,2021,1,572508910497.0,100000000000.0,461118075898.0,171006947985.0
1276,VFS,2022,1,957602092801.0,0.0,948149467735.0,277850660659.0
1277,VFS,2023,1,1021749892536.0,0.0,996275639176.0,300158707141.0
1278,VFS,2017,2,269281949231.0,121000000000.0,144822136142.0,72250023311.0
1279,VFS,2018,2,234487179523.0,100000000000.0,131507410414.0,70925283551.0
1280,VFS,2019,2,312757038063.0,100000000000.0,209445368004.0,72423443983.0
1281,VFS,2020,2,537059713205.0,100000000000.0,431512151837.0,144072849453.0
1282,VFS,2021,2,486627709194.0,0.0,479532420601.0,189307368660.0
1283,VFS,2022,2,988767225213.0,0.0,975086506192.0,310499088359.0
1284,VFS,2017,3,221609671073.0,70000000000.0,144475267428.0,74468392188.0
1285,VFS,2018,3,300584650147.0,100000000000.0,195673194114.0,67682213357.0
1286,VFS,2019,3,523332087104.0,100000000000.0,418316599562.0,125115295390.0
1287,VFS,2020,3,545524828437.0,100000000000.0,438525066578.0,143791096021.0
1288,VFS,2021,3,591427657494.0,14000000000.0,539295831643.0,211106078495.0
1289,VFS,2022,3,984196070140.0,0.0,973595205133.0,328986113412.0
1290,VFS,2017,4,214047498382.0,70000000000.0,137843909092.0,63735038633.0
1291,VFS,2018,4,315922683776.0,100000000000.0,208329436914.0,61588038308.0
1292,VFS,2019,4,534805415015.0,100000000000.0,425037878994.0,120053008300.0
1293,VFS,2020,4,570617948071.0,100000000000.0,460911180361.0,190411937341.0
1294,VFS,2021,4,953334956714.0,0.0,941602809465.0,321778079699.0
1295,VFS,2022,4,1017956254480.0,0.0,989726523408.0,282017029539.0
1296,AAS,2016,0,306089302267.0,0.0,302393092878.0,0.0
1297,AAS,2017,0,307354872922.0,0.0,304843964025.0,230354853.0
1298,AAS,2018,0,339688352838.0,0.0,324124703607.0,12813041768.0
1299,AAS,2019,0,521225358266.0,48611112.0,343214607221.0,35246971220.0
1300,AAS,2020,0,651422175049.0,20664484119.0,346583093715.0,27473802081.0
1301,AAS,2021,0,1645552063375.0,10616666659.0,1214279934174.0,238496747184.0
1302,AAS,2022,0,2306937718823.0,439799586824.0,1533187629366.0,29182851948.0
1303,AAS,2018,1,310496527134.0,0.0,307793562034.0,19801086941.0
1304,AAS,2019,1,333860541247.0,0.0,325041828009.0,18000888718.0
1305,AAS,2020,1,410272838374.0,1015079364.0,350692980911.0,19320633956.0
1306,AAS,2021,1,490593646425.0,20614285704.0,349540885748.0,79314965219.0
1307,AAS,2022,1,2080059328659.0,16766666658.0,1300701407558.0,155033062889.0
1308,AAS,2023,1,2074254219358.0,220598163912.0,1553450598067.0,21077977861.0
1309,AAS,2017,2,299448399612.0,0.0,297544744331.0,0.0
1310,AAS,2018,2,330381628789.0,0.0,308195970133.0,15527290029.0
1311,AAS,2019,2,397433767489.0,0.0,375389231920.0,13294870225.0
1312,AAS,2020,2,441436824586.0,964880949.0,364626374554.0,13681536301.0
1313,AAS,2021,2,546766519158.0,20564087289.0,351940741873.0,54983108289.0
1314,AAS,2022,2,1896244128087.0,138504666657.0,1419656421704.0,134624848513.0
1315,AAS,2017,3,302846185631.0,0.0,300286498392.0,0.0
1316,AAS,2018,3,369830564320.0,0.0,354252668693.0,32164523187.0
1317,AAS,2019,3,339688352838.0,0.0,324124703607.0,12813041768.0
1318,AAS,2021,3,1269781080784.0,10713888874.0,978042149920.0,115420842586.0
1319,AAS,2022,3,2024227431374.0,197070666656.0,1504282911318.0,130052963168.0
1320,AAS,2017,4,307354466074.0,0.0,304843638547.0,230354853.0
1321,AAS,2018,4,338866288787.0,0.0,323595388765.0,12813041768.0
1322,AAS,2019,4,519314024209.0,48611112.0,341230900198.0,35246971220.0
1323,AAS,2020,4,651369453172.0,20664484119.0,346537705538.0,27473802081.0
1324,AAS,2021,4,1645655324875.0,10616666659.0,1214384541017.0,238496747184.0
1325,AAS,2022,4,2303235297892.0,439799586824.0,1533429831461.0,29182851948.0
1326,VUA,2018,0,345593762418.0,0.0,341564719229.0,23622002973.0
1327,VUA,2019,0,361053021271.0,0.0,349679201878.0,26236736214.0
1328,VUA,2020,0,376740358714.0,0.0,365389476188.0,90001474854.0
1329,VUA,2021,0,428923702623.0,40000000000.0,364482928121.0,246337714076.0
1330,VUA,2022,0,359005823254.0,21145000000.0,331738545855.0,38248671443.0
1331,VUA,2019,1,346948093373.0,0.0,343154993615.0,231300640.0
1332,VUA,2020,1,398950203832.0,0.0,346465376391.0,39722574900.0
1333,VUA,2021,1,390974553513.0,0.0,370024008689.0,62244154739.0
1334,VUA,2022,1,581746335554.0,120000000000.0,357045843845.0,302003821202.0
1335,VUA,2023,1,354084013002.0,18825000000.0,330612809095.0,26924000740.0
1336,VUA,2019,2,350838063703.0,0.0,345500101033.0,22211217006.0
1337,VUA,2020,2,385289953292.0,0.0,331749581764.0,46091955229.0
1338,VUA,2021,2,399682469796.0,0.0,379630288276.0,164704707799.0
1339,VUA,2022,2,384264146142.0,20705000000.0,346735632106.0,106632199687.0
1340,VUA,2019,3,354510708869.0,0.0,348803826071.0,40042279051.0
1341,VUA,2020,3,348951773186.0,0.0,341191338455.0,63165636309.0
1342,VUA,2021,3,391343644073.0,0.0,368536495390.0,208218165246.0
1343,VUA,2022,3,382999612686.0,26610000000.0,345770120995.0,104968673455.0
1344,VUA,2019,4,360976733258.0,0.0,349637680328.0,26236736214.0
1345,VUA,2020,4,364816469376.0,0.0,353458929932.0,90001474854.0
1346,VUA,2021,4,428923702623.0,40000000000.0,364482928121.0,246337714076.0
1347,VUA,2022,4,359007335068.0,21145000000.0,331739817725.0,38248671443.0
