,Symbol,Year,Quarter,GrossPremiumWritten,NetPremiumWritten,IncurredLosses,Expenses,NetIncome,NetIncome2
0,VNR,2004,0,0.0,0.0,0.0,13837257487.0,25749112162.0,25749112162.0
1,VNR,2005,0,0.0,142173305270.0,61495735899.0,130150568155.0,42673092666.0,42673092666.0
2,VNR,2006,0,0.0,158167871015.0,89750770855.0,137995128265.0,60468148243.0,60468148243.0
3,VNR,2007,0,0.0,208730358919.0,105747440481.0,174664202884.0,73076470786.0,73076470786.0
4,VNR,2008,0,0.0,313286909845.0,172524747376.0,251066638609.0,159550950283.0,159550950283.0
5,VNR,2009,0,0.0,338018356631.0,182378062541.0,268579732902.0,194799338731.0,194799338731.0
6,VNR,2010,0,0.0,414147104917.0,205654889138.0,319220157904.0,234893804781.0,233434620911.0
7,VNR,2011,0,0.0,486369935781.0,249853790477.0,377487159153.0,293820185279.0,294500229218.0
8,VNR,2012,0,0.0,646743673397.0,339461190155.0,485296358379.0,255353284742.0,255775621379.0
9,VNR,2013,0,0.0,500103069065.0,231968164363.0,448552425475.0,298333665723.0,300535646947.0
10,VNR,2014,0,0.0,558246487399.0,321184636356.0,680503082164.0,334550057638.0,334808892187.0
11,VNR,2015,0,0.0,613443959092.0,329338310788.0,629318047843.0,241075930434.0,242587261637.0
12,VNR,2016,0,0.0,561523389013.0,273019514635.0,634149849009.0,239984779653.0,239776750523.0
13,VNR,2017,0,0.0,586893214249.0,298458165155.0,626935403545.0,259233128769.0,258776595581.0
14,VNR,2018,0,0.0,784741146563.0,326952409322.0,563616205681.0,302048951422.0,296697159960.0
15,VNR,2019,0,0.0,992439215889.0,478318289482.0,727636394862.0,286632959652.0,288094663619.0
16,VNR,2020,0,0.0,1339839628377.0,430792187104.0,1132472279216.0,311071789861.0,312244294056.0
17,VNR,2021,0,0.0,1384548254778.0,390685967319.0,1174940199084.0,347055678021.0,346949022171.0
18,VNR,2022,0,0.0,1280631153719.0,344675196935.0,1042314142657.0,378366325927.0,380138382451.0
19,VNR,2006,1,0.0,0.0,0.0,4532826576.0,12555917688.0,12555917688.0
20,VNR,2007,1,0.0,0.0,0.0,4591167955.0,16668834378.0,16668834378.0
21,VNR,2008,1,0.0,69968207924.0,28640669463.0,74812370811.0,27199594444.0,27199594444.0
22,VNR,2009,1,0.0,99998461272.0,46655317111.0,66773814039.0,47543434129.0,47543434129.0
23,VNR,2010,1,0.0,110704015742.0,54172152690.0,80857004968.0,48654035886.0,48478353405.0
24,VNR,2011,1,0.0,149310540160.0,56308222106.0,113588473130.0,66588258106.0,66735113922.0
25,VNR,2012,1,0.0,187340247283.0,90089688895.0,116915619858.0,78757993622.0,78374847000.0
26,VNR,2013,1,0.0,152127460776.0,59886279374.0,132221001256.0,84066947345.0,84379522242.0
27,VNR,2014,1,0.0,133133968337.0,181650395748.0,284802345702.0,137999994902.0,138122132287.0
28,VNR,2015,1,0.0,159405675850.0,103441836258.0,181284094330.0,55897345161.0,55984005855.0
29,VNR,2016,1,0.0,168774448336.0,88262468697.0,193254081759.0,50477244909.0,50440037110.0
30,VNR,2017,1,0.0,149710934814.0,82614173875.0,201707961557.0,60496259717.0,60687249073.0
31,VNR,2018,1,0.0,141647027756.0,57932109660.0,198541021453.0,66478493825.0,66629616551.0
32,VNR,2019,1,0.0,174662579230.0,97769167608.0,156802777746.0,75457320841.0,75683324542.0
33,VNR,2020,1,0.0,350489752496.0,89379006517.0,310049178884.0,21687699757.0,21883633242.0
34,VNR,2021,1,0.0,336135741197.0,52199200862.0,305384298191.0,113079915167.0,113239179330.0
35,VNR,2022,1,0.0,330445023391.0,78056172111.0,267937426302.0,83538617587.0,83622347887.0
36,VNR,2023,1,0.0,430166542552.0,117247690340.0,322803820860.0,209100452037.0,209751827427.0
37,VNR,2006,2,0.0,33889643593.0,12476618284.0,38907445069.0,16687680503.0,16687680503.0
38,VNR,2007,2,0.0,56275147009.0,22237944986.0,44313702092.0,25073332073.0,25073332073.0
39,VNR,2008,2,0.0,105767607514.0,43853153755.0,63212692012.0,51344962631.0,51344962631.0
40,VNR,2009,2,0.0,104911054808.0,56513765043.0,66296064720.0,49246946494.0,49246946494.0
41,VNR,2010,2,0.0,109195218411.0,57991468378.0,83041121151.0,58518128360.0,58693810841.0
42,VNR,2011,2,0.0,111683636818.0,68550965082.0,94746901407.0,75818670571.0,76102808205.0
43,VNR,2012,2,0.0,121153795829.0,73550122717.0,103142496146.0,75247710109.0,75180696600.0
44,VNR,2013,2,0.0,127974266692.0,54762729277.0,97688072272.0,102603732083.0,102696029317.0
45,VNR,2014,2,737003799416.0,1088460352385.0,-23614155049.0,17300195864.0,62409242492.0,62767514221.0
46,VNR,2015,2,0.0,153095201847.0,88004022372.0,127220332817.0,54190372210.0,54439328044.0
47,VNR,2016,2,0.0,143882876589.0,60901947099.0,127658913910.0,60423390649.0,60645883157.0
48,VNR,2017,2,0.0,128218312425.0,51015609801.0,128572072272.0,66717707453.0,66879788954.0
49,VNR,2018,2,0.0,176430774423.0,81135677306.0,131480545323.0,71296983024.0,71447004023.0
50,VNR,2019,2,0.0,481389324254.0,127259419028.0,292925302320.0,56225057774.0,56775112530.0
51,VNR,2020,2,0.0,394235510910.0,102218680134.0,350252297420.0,97500152138.0,97635269260.0
52,VNR,2021,2,0.0,351675975103.0,106220834153.0,302300005242.0,68090165874.0,68030925871.0
53,VNR,2022,2,0.0,324405455692.0,88060938224.0,270343501274.0,96581174919.0,96349650763.0
54,VNR,2006,3,207203885940.0,34247430284.0,21613012571.0,36112675774.0,16414192352.0,16414192352.0
55,VNR,2007,3,0.0,45445040799.0,21636937060.0,43779153455.0,11049578018.0,11049578018.0
56,VNR,2008,3,0.0,81059925346.0,50118827417.0,62145653343.0,41611023848.0,41611023848.0
57,VNR,2009,3,0.0,110373533182.0,60198228812.0,79139848348.0,56802550905.0,56802550905.0
58,VNR,2010,3,0.0,113572803542.0,54248537729.0,80259068595.0,57063822011.0,56848761147.0
59,VNR,2011,3,0.0,135501517916.0,52922921540.0,98948213732.0,85211638018.0,85116800707.0
60,VNR,2012,3,0.0,153457373804.0,79919381924.0,115435163669.0,77426213136.0,77700569344.0
61,VNR,2013,3,0.0,100685346740.0,69821994987.0,89247642732.0,63289391452.0,63575802527.0
62,VNR,2014,3,0.0,181147270397.0,97457214859.0,208295706536.0,68877348604.0,68860737692.0
63,VNR,2015,3,0.0,192405861017.0,70427839333.0,220531209658.0,84630739792.0,84850914240.0
64,VNR,2016,3,0.0,135482878713.0,77485952183.0,234902637236.0,62230193342.0,62371430587.0
65,VNR,2017,3,0.0,119026213187.0,59352360872.0,208810083629.0,83069989847.0,83240719238.0
66,VNR,2018,3,0.0,258209442561.0,115936040396.0,182907542532.0,78577981145.0,78813468982.0
67,VNR,2019,3,0.0,378574004136.0,146096446061.0,199734049426.0,70218390324.0,70357549497.0
68,VNR,2020,3,0.0,246092993828.0,103318356182.0,196715123155.0,115997463611.0,116229641323.0
69,VNR,2021,3,0.0,335854353026.0,112531273845.0,275154677413.0,94476657756.0,94485251248.0
70,VNR,2022,3,0.0,329545809382.0,98283270843.0,245055228748.0,71597221810.0,73685816393.0
71,VNR,2006,4,0.0,40494987883.0,25102697332.0,28330000913.0,14810357700.0,14810357700.0
72,VNR,2007,4,0.0,56613990354.0,29661881148.0,43228391100.0,20371785404.0,20371785404.0
73,VNR,2008,4,0.0,60177127901.0,49912096741.0,50802002443.0,43741896844.0,43741896844.0
74,VNR,2009,4,0.0,22735307369.0,19010751575.0,56370005795.0,41206407203.0,41206407203.0
75,VNR,2010,4,0.0,80675067222.0,39242730341.0,75867076495.0,69825675300.0,68914409584.0
76,VNR,2011,4,0.0,89874240887.0,72071681749.0,70203570884.0,66201618584.0,66545506384.0
77,VNR,2012,4,0.0,184792256481.0,95901996619.0,149803078706.0,98921367874.0,99519508434.0
78,VNR,2013,4,0.0,119315994857.0,47497160725.0,129395709215.0,48443485847.0,49954183865.0
79,VNR,2014,4,0.0,558246487399.0,321184636356.0,680503082164.0,333989163238.0,334247997787.0
80,VNR,2015,4,0.0,108537220378.0,67464612825.0,100738914623.0,48867786770.0,49823326997.0
81,VNR,2016,4,0.0,113383185375.0,46369146656.0,78334216104.0,66853950753.0,66319399669.0
82,VNR,2017,4,0.0,189937753823.0,105476020607.0,87845286087.0,48949171752.0,47968838316.0
83,VNR,2018,4,0.0,208453901823.0,71948581960.0,116938347534.0,85695493428.0,79807070404.0
84,VNR,2019,4,0.0,177138163358.0,107193256785.0,78174265370.0,84732190713.0,85278677050.0
85,VNR,2020,4,0.0,349021371143.0,135876144271.0,275455679757.0,75886474355.0,76495750231.0
86,VNR,2021,4,0.0,360882185452.0,119734658459.0,292101218238.0,71408939224.0,71193665722.0
87,VNR,2022,4,0.0,296234865254.0,80274815757.0,258977986333.0,126649311611.0,126480567408.0
88,BMI,2005,0,1178245975030.0,722877081576.0,252434307326.0,390271355257.0,85250665265.0,85250665265.0
89,BMI,2006,0,1386716020318.0,919994491013.0,447529871558.0,497749524587.0,100747699477.0,100747699477.0
90,BMI,2007,0,1605642023006.0,1112816092915.0,675970498043.0,667574330201.0,132707602852.0,132707602852.0
91,BMI,2008,0,1886136166326.0,1375960800328.0,835823404118.0,725423946365.0,181308987491.0,175707340045.0
92,BMI,2009,0,1845274468132.0,1368079833728.0,779591898303.0,724785840773.0,188980386878.0,183229818636.0
93,BMI,2010,0,1988214746740.0,1507543463626.0,772149014503.0,752347088361.0,146390512067.0,141264628498.0
94,BMI,2011,0,2359877080131.0,1645224963182.0,818015004390.0,1005322922598.0,161623375249.0,154296875670.0
95,BMI,2012,0,2294836075338.0,1724082147864.0,796280885375.0,1120339351630.0,92516365558.0,86532599290.0
96,BMI,2013,0,2306342880038.0,1889518759506.0,823233085490.0,1109865035588.0,90819939748.0,89483985568.0
97,BMI,2014,0,2601112991829.0,2177150231846.0,855833735690.0,1263177863185.0,120318211503.0,116060258358.0
98,BMI,2015,0,2822297251515.0,2324833503304.0,942334307901.0,1469226919375.0,129220192221.0,126274294294.0
99,BMI,2016,0,3101991937467.0,2630796255881.0,1065186081532.0,1615267678532.0,182413589694.0,182413589694.0
100,BMI,2017,0,3395911007441.0,2970889195947.0,1257667719112.0,1908766194225.0,163185303023.0,163185303023.0
101,BMI,2018,0,3547814788350.0,3012769170866.0,1253563070548.0,1856842821681.0,162302812041.0,162302812041.0
102,BMI,2019,0,3848230794653.0,3239411497723.0,1247649371775.0,2109553548942.0,182711914331.0,182711914331.0
103,BMI,2020,0,7284790676369.0,6054923302151.0,2037745378685.0,4285064958318.0,351035909093.0,351035909093.0
104,BMI,2021,0,9846705246099.0,7884765657215.0,2688800214793.0,5454502370886.0,575291107190.0,575291107190.0
105,BMI,2022,0,5398970915879.0,4276801980150.0,1204537188304.0,3134460097589.0,292322267060.0,292322267060.0
106,BMI,2007,1,0.0,0.0,0.0,71818918459.0,49282088527.0,49282088527.0
107,BMI,2008,1,541039861464.0,541039861464.0,142236517344.0,149845473733.0,41561146322.0,41561146322.0
108,BMI,2009,1,471761998422.0,471761998422.0,212473662900.0,146637744519.0,35094147081.0,35094147081.0
109,BMI,2010,1,0.0,706346060900.0,228767143619.0,187187699040.0,36151080731.0,34997961261.0
110,BMI,2011,1,755854422168.0,755854422168.0,169529089777.0,224085763672.0,54723714450.0,53222166511.0
111,BMI,2012,1,0.0,604695960942.0,183356548618.0,227498103699.0,38394350480.0,36525293314.0
112,BMI,2013,1,0.0,669604928668.0,136942236226.0,276592042160.0,34938934405.0,33239650064.0
113,BMI,2014,1,709514155098.0,593288327991.0,218704230153.0,240749101676.0,32079783188.0,31256974132.0
114,BMI,2015,1,744029701456.0,608589166433.0,155452265932.0,356609871893.0,32381464522.0,31628405012.0
115,BMI,2016,1,740758172595.0,646641639424.0,230932827947.0,354781578857.0,38583339172.0,35661892795.0
116,BMI,2017,1,838041546433.0,780737377276.0,278516139283.0,385881594862.0,41636073515.0,41636073515.0
117,BMI,2018,1,891440097482.0,822507839323.0,290038678605.0,477974512617.0,67889572131.0,67889572131.0
118,BMI,2019,1,811903119499.0,698899362844.0,281184519177.0,415882034198.0,46770636180.0,46770636180.0
119,BMI,2020,1,1037007724672.0,894474745321.0,308954115695.0,595142831311.0,40902723623.0,40902723623.0
120,BMI,2021,1,1075364850693.0,806354442188.0,292121182036.0,536810803982.0,70141468891.0,70141468891.0
121,BMI,2022,1,1250835961813.0,893713907609.0,275358183323.0,619173402731.0,71179070781.0,71179070781.0
122,BMI,2023,1,1405968639943.0,1066016502505.0,393893433705.0,686788095503.0,73492775032.0,73492775032.0
123,BMI,2007,2,0.0,0.0,0.0,87238390712.0,49168953546.0,49168953546.0
124,BMI,2008,2,529173313783.0,529173313783.0,206629103875.0,163415447690.0,31214227821.0,31214227821.0
125,BMI,2009,2,441649696264.0,528007881666.0,189591509836.0,169822763320.0,64564869205.0,61276820587.0
126,BMI,2010,2,0.0,439462192320.0,175095000104.0,177694208336.0,25425799997.0,24093188808.0
127,BMI,2011,2,401137841333.0,500843098645.0,182033209793.0,261184525708.0,43231847831.0,41287338366.0
128,BMI,2012,2,0.0,286477899975.0,255603756975.0,261564283160.0,16030177899.0,13925471235.0
129,BMI,2013,2,1140233162449.0,611500477405.0,246501215083.0,267635678064.0,8888320630.0,10161970251.0
130,BMI,2014,2,615011111849.0,588394543072.0,192520403244.0,338955035291.0,24525938461.0,23020906259.0
131,BMI,2015,2,578085212808.0,515718761067.0,225059561094.0,313663262294.0,51014732450.0,50804069000.0
132,BMI,2016,2,655158295959.0,579896591127.0,267430991881.0,370871003238.0,63903978189.0,62516856150.0
133,BMI,2017,2,782260178209.0,680282358641.0,328411697328.0,396525369886.0,49647635522.0,49647635522.0
134,BMI,2018,2,773773014527.0,658085575086.0,339023430718.0,475817334779.0,65863327906.0,65863327906.0
135,BMI,2019,2,853968626863.0,703809294147.0,323459449503.0,506785490046.0,44820557499.0,44820557499.0
136,BMI,2020,2,989408706708.0,844239152618.0,212997947778.0,676118294072.0,46167266842.0,46167266842.0
137,BMI,2021,2,1099960969058.0,871900017537.0,295043997882.0,610019905022.0,49858819400.0,49858819400.0
138,BMI,2022,2,1238369664911.0,1072939842189.0,293970900833.0,782089772179.0,68819837399.0,68819837399.0
139,BMI,2007,3,454103503438.0,454103503438.0,0.0,65772471096.0,25239676133.0,25239676133.0
140,BMI,2008,3,459715957797.0,459715957797.0,171679284986.0,178520031697.0,37081823629.0,37081823629.0
141,BMI,2009,3,520606508252.0,520606508252.0,201316599627.0,161175001232.0,11949879468.0,10557567668.0
142,BMI,2010,3,0.0,524451082043.0,180231249801.0,186681104011.0,26033163758.0,24676514496.0
143,BMI,2011,3,0.0,542343925580.0,213748602426.0,196068301800.0,10980377237.0,10980377237.0
144,BMI,2012,3,537933227389.0,537933227389.0,190797395216.0,248625619568.0,-18085340412.0,-19824287240.0
145,BMI,2013,3,0.0,660323962599.0,234394836350.0,264136869951.0,24290801299.0,23445938334.0
146,BMI,2014,3,661176061915.0,491294905594.0,224300838500.0,308606046019.0,34069618906.0,33124315593.0
147,BMI,2015,3,741534581608.0,597448545087.0,325123835282.0,315726318848.0,27443007761.0,26456632230.0
148,BMI,2016,3,808035875327.0,646393494032.0,298946564661.0,405886426411.0,19963146478.0,19963146478.0
149,BMI,2017,3,823998301248.0,762844796244.0,279051555587.0,448426785611.0,57406890274.0,57406890274.0
150,BMI,2018,3,836638503420.0,702853109186.0,316657917207.0,451146824481.0,35775605279.0,35775605279.0
151,BMI,2019,3,1018336156707.0,912249677628.0,320638390296.0,550493760228.0,46128451044.0,46128451044.0
152,BMI,2020,3,1074225615369.0,853803200094.0,316220152307.0,568706143021.0,67252129945.0,67252129945.0
153,BMI,2021,3,3177956706084.0,2531990450912.0,818875939709.0,1792023504238.0,188455284506.0,188455284506.0
154,BMI,2022,3,1472662565502.0,1113300253689.0,369244622870.0,799956427591.0,83737998635.0,83737998635.0
155,BMI,2007,4,427938294038.0,427938294038.0,0.0,119870905719.0,17832313667.0,17832313667.0
156,BMI,2008,4,488970534100.0,488970534100.0,332201238158.0,276078962278.0,15996899483.0,15996899483.0
157,BMI,2009,4,491668496018.0,491668496018.0,178682411555.0,231796767238.0,72969891246.0,71899683422.0
158,BMI,2010,4,489661557561.0,293368827284.0,185890379009.0,278689782336.0,56984517951.0,55701014303.0
159,BMI,2011,4,560835633738.0,560835633738.0,252702152394.0,323986281418.0,50590388051.0,48806993556.0
160,BMI,2012,4,0.0,782744083231.0,169896386569.0,350283378628.0,62716133869.0,60806674919.0
161,BMI,2013,4,0.0,655121365334.0,206768905219.0,291918943496.0,27547900618.0,26330685816.0
162,BMI,2014,4,615411662967.0,539359094693.0,193665161136.0,403933995040.0,31277870698.0,30196892254.0
163,BMI,2015,4,758647755643.0,603185189772.0,230323084373.0,468226673037.0,30506277467.0,29464779772.0
164,BMI,2016,4,887068638652.0,742552888697.0,245733889772.0,498457960844.0,86000322900.0,86000322900.0
165,BMI,2017,4,961126403137.0,759033791557.0,384426683331.0,447665938046.0,14689311122.0,14689311122.0
166,BMI,2018,4,1045636529986.0,837604605762.0,341886126657.0,461863987637.0,11029521753.0,11029521753.0
167,BMI,2019,4,1178271817591.0,946906932260.0,322367012782.0,641144453532.0,44032489168.0,44032489168.0
168,BMI,2020,4,4175977181128.0,3464952012386.0,1198856454661.0,2432570494094.0,192601877457.0,192601877457.0
169,BMI,2021,4,4493422720264.0,3612052342270.0,1284503269974.0,2472305379319.0,250561266756.0,250561266756.0
170,BMI,2022,4,1437102723653.0,1197834735831.0,271704506641.0,930620116773.0,68896872029.0,68896872029.0
171,PVI,2006,0,1163877338093.0,342330518428.0,83698426640.0,283617710564.0,44037959183.0,44037959183.0
172,PVI,2007,0,1598791062359.0,532618258747.0,154233870120.0,374175482805.0,250054278534.0,250054278534.0
173,PVI,2008,0,2020554258057.0,989637895283.0,427844911946.0,619934701852.0,171701441104.0,171701441104.0
174,PVI,2009,0,2770089535907.0,1271888974725.0,546798699039.0,769281539190.0,198326245005.0,198326245005.0
175,PVI,2010,0,3512186405060.0,1739065365303.0,668240617107.0,1050810500607.0,296639818914.0,296639818914.0
176,PVI,2008,1,564103739209.0,327820448279.0,45117511038.0,168996072136.0,60699269279.0,60699269279.0
177,PVI,2009,1,709319703767.0,431112140966.0,164478444235.0,160761715049.0,68916345359.0,68916345359.0
178,PVI,2010,1,883318139118.0,375297629090.0,133864760893.0,217056138999.0,85860863409.0,85860863409.0
179,PVI,2011,1,1197819203970.0,640378225721.0,189596745718.0,319474405636.0,84016580239.0,84016580239.0
180,PVI,2007,2,0.0,0.0,0.0,51916433748.0,36588881534.0,36588881534.0
181,PVI,2008,2,0.0,0.0,0.0,100892768256.0,40136446350.0,40136446350.0
182,PVI,2009,2,810825877194.0,180901082683.0,82542210041.0,182461989852.0,47393279910.0,47393279910.0
183,PVI,2010,2,1091487347550.0,511227452726.0,167797705209.0,240228112461.0,85235651044.0,85235651044.0
184,PVI,2011,2,1320646403598.0,678069348522.0,169515286268.0,396625928253.0,83109266952.0,83109266952.0
185,PVI,2007,3,0.0,0.0,0.0,40022357563.0,53422369652.0,53422369652.0
186,PVI,2008,3,0.0,0.0,0.0,68467311877.0,108699087697.0,108699087697.0
187,PVI,2009,3,611317239238.0,301275181352.0,132245605216.0,204098601654.0,33482863198.0,33482863198.0
188,PVI,2010,3,875250835079.0,555580385464.0,212332308706.0,340347482057.0,46383862073.0,46383862073.0
189,PVI,2007,4,0.0,0.0,0.0,106001029264.0,99710056795.0,99710056795.0
190,PVI,2008,4,0.0,0.0,0.0,83581934925.0,-21067291770.0,-21067291770.0
191,PVI,2009,4,638626715708.0,358600569724.0,167532439547.0,221959232635.0,48533756538.0,48533756538.0
192,PVI,2010,4,662130083313.0,329460769444.0,167472941123.0,249919003352.0,78972436124.0,78972436124.0
193,BVH,2008,0,8114161000000.0,8280672000000.0,0.0,1555802000000.0,325557000000.0,529481000000.0
194,BVH,2009,0,7393367704806.0,6508185902386.0,3815711770024.0,2268001008404.0,1011500140307.0,891754255672.0
195,BVH,2010,0,8243995446509.0,7278584699902.0,4364917495429.0,2573578458415.0,974300699416.0,952597195373.0
196,BVH,2011,0,9371727329830.0,8334004957292.0,5153905421640.0,3408652679370.0,1202953265995.0,1201383567583.0
197,BVH,2012,0,10593014184645.0,9415844245534.0,5606422938078.0,4018707567948.0,1431193633200.0,1348268878430.0
198,BVH,2013,0,11989345135217.0,10929593076656.0,5269351034166.0,4309719998459.0,1233974444510.0,1137530699422.0
199,BVH,2014,0,13613450590452.0,12849524431679.0,9626941595017.0,4396486544050.0,1331268555428.0,1258556881615.0
200,BVH,2015,0,15943461828362.0,15206774017556.0,5655033890521.0,5260972532654.0,1174931420174.0,1128007144420.0
201,BVH,2016,0,20018586566154.0,18926379390583.0,6507869904013.0,6657564833062.0,1164948927113.0,1123333060371.0
202,BVH,2017,0,25521511280522.0,23879653806026.0,7938960306541.0,9292813292666.0,1603096073974.0,1555453247273.0
203,BVH,2018,0,31360101747120.0,28429898417623.0,10133564994810.0,9815212823645.0,1163537001952.0,1114494454004.0
204,BVH,2019,0,35753159218262.0,32765851358481.0,12127052024159.0,10831346626282.0,1142616523524.0,1088486814987.0
205,BVH,2020,0,37709165694399.0,33425930261520.0,10559600992827.0,10752064892171.0,1604306642009.0,1569618705917.0
206,BVH,2021,0,39504264785538.0,36378227492829.0,12481533698866.0,11144748024619.0,1956711004858.0,1857292142848.0
207,BVH,2022,0,42962133550042.0,39983936017176.0,14636956521364.0,10710882736572.0,1601714111860.0,1528501399096.0
208,BVH,2009,1,1722370019104.0,1488941705769.0,838581788551.0,552946843621.0,285713501326.0,277962392805.0
209,BVH,2010,1,1884742594170.0,1720195795728.0,993441076163.0,646184292822.0,245561486398.0,232868204898.0
210,BVH,2011,1,2111931271235.0,1928915035998.0,1143938913259.0,734860290823.0,255385793049.0,271263893336.0
211,BVH,2012,1,2518378846965.0,2197420941062.0,1258951427418.0,841948156173.0,443774521851.0,417213491815.0
212,BVH,2013,1,2650779858278.0,2415188366905.0,1174538615043.0,882919839704.0,308082121200.0,280681155161.0
213,BVH,2014,1,3037128859743.0,2700710052019.0,1217839607468.0,988913999039.0,444390306373.0,402631684093.0
214,BVH,2015,1,3523996033637.0,3336065865330.0,2432297994783.0,1111739237367.0,370670738807.0,354388167502.0
215,BVH,2016,1,4283652994809.0,3997482744644.0,1463853556099.0,1266327867422.0,392600835527.0,383402861680.0
216,BVH,2017,1,5424597483134.0,5024040147053.0,1647948583161.0,1857909849540.0,393636522592.0,380484637912.0
217,BVH,2018,1,7037574859152.0,6399363145202.0,2491852153195.0,2125595913962.0,444746486076.0,430118043651.0
218,BVH,2019,1,8201197550163.0,7485696828920.0,2930089369811.0,2494008469468.0,455443135966.0,444295928584.0
219,BVH,2020,1,8682410221122.0,7729771746764.0,2607700024918.0,2715579773759.0,114638240393.0,126436427045.0
220,BVH,2021,1,9357092801878.0,8485426374185.0,2923518112652.0,2601537147569.0,498879464043.0,469132412435.0
221,BVH,2022,1,10270565216114.0,9438375890810.0,4385832828698.0,3058296601083.0,500557421900.0,470686659056.0
222,BVH,2023,1,10584182384873.0,9667372298769.0,4076409651892.0,2886278952287.0,546200835278.0,528218575806.0
223,BVH,2009,2,1803133286418.0,1632780928311.0,978211268040.0,582920936463.0,185195457438.0,132299469634.0
224,BVH,2010,2,2007809450275.0,1749915093671.0,1065476280136.0,693788988958.0,317401173309.0,300815739322.0
225,BVH,2011,2,2240821592414.0,2025680976487.0,1366470313375.0,886089238793.0,250937854451.0,250581405951.0
226,BVH,2012,2,2455254707894.0,2180313663909.0,1501887015597.0,905390643609.0,301373137710.0,261597605706.0
227,BVH,2013,2,2830200701085.0,2604086915300.0,1380065718399.0,981999133691.0,124899027359.0,181240149850.0
228,BVH,2014,2,3199657253010.0,3068407084124.0,2263425827744.0,1061897868712.0,237836110371.0,233331225534.0
229,BVH,2015,2,3849852854857.0,3651940473899.0,1463385983856.0,1236848860960.0,360719523817.0,348631910365.0
230,BVH,2016,2,4754439911715.0,4484583727107.0,1593275479682.0,1548135636196.0,397429423008.0,383343591709.0
231,BVH,2017,2,6126246301101.0,5745113177786.0,1987517695265.0,2023079818624.0,708736954470.0,696325905466.0
232,BVH,2018,2,7529951116307.0,6853870885538.0,2504016697111.0,2463093430416.0,325572407029.0,319728777663.0
233,BVH,2019,2,8513289077271.0,7869426599276.0,2929691744680.0,2568977485054.0,256475811443.0,242266871087.0
234,BVH,2020,2,8818955151379.0,7989529948383.0,2517006978582.0,2710682869092.0,552923130206.0,519268127597.0
235,BVH,2021,2,9869628779671.0,9370441037059.0,2610963124002.0,3198302934664.0,464457212346.0,440413282409.0
236,BVH,2022,2,10704014665307.0,10159893145658.0,3976300525268.0,2705751261847.0,317120624698.0,308606848161.0
237,BVH,2009,3,1906064105316.0,1673308938602.0,948319838749.0,567039186801.0,289100567625.0,231478609211.0
238,BVH,2010,3,2102358696160.0,1839106492192.0,1056746839821.0,590536463193.0,190056288095.0,215002404516.0
239,BVH,2011,3,2506855264284.0,2144742149464.0,1266862117161.0,1064086324166.0,260984231267.0,232133325116.0
240,BVH,2012,3,2733845864459.0,2435912347644.0,1412804177923.0,1044734534007.0,279079179870.0,273386879801.0
241,BVH,2013,3,3132717337552.0,2807308944456.0,1294174887433.0,1009810891129.0,315086412089.0,280512536732.0
242,BVH,2014,3,3617783598449.0,3440507341861.0,1365512647957.0,1172090889447.0,327339051925.0,315563511508.0
243,BVH,2015,3,4244222990847.0,4017819248558.0,1466491854036.0,1293206903314.0,228350681291.0,217781976492.0
244,BVH,2016,3,5231413564726.0,4974654863415.0,1641068200223.0,1789968581144.0,289236953561.0,282474453290.0
245,BVH,2017,3,6555201522066.0,6139162247224.0,2004962452905.0,2113418738527.0,168070600430.0,157445484207.0
246,BVH,2018,3,8205902538468.0,7461608302878.0,2457705818209.0,2483252537167.0,101841325218.0,90028665589.0
247,BVH,2019,3,9277375162380.0,8426266356166.0,3022967822108.0,2605630486241.0,372100010781.0,359957226204.0
248,BVH,2020,3,9678812660611.0,8500766962238.0,2464096893078.0,2563762840866.0,473308080359.0,460552972700.0
249,BVH,2021,3,9278877701023.0,8775939288827.0,2466966435506.0,2869554482061.0,441445705672.0,423207588307.0
250,BVH,2022,3,10748198810929.0,9898755319869.0,3605482393662.0,2678713080343.0,408352158380.0,384172826508.0
251,BVH,2009,4,1961800293968.0,1713154329704.0,1050598874684.0,565094041519.0,251490613918.0,250013784022.0
252,BVH,2010,4,2249084705904.0,1969367318311.0,1249253299309.0,643068713442.0,221281751614.0,203910846637.0
253,BVH,2011,4,2515168986381.0,2246525576045.0,1333606578469.0,1107009002490.0,476076398203.0,485694801865.0
254,BVH,2012,4,2877406334002.0,2611025076735.0,1421399478011.0,1176080815211.0,304169189906.0,296164903751.0
255,BVH,2013,4,3364680543193.0,3134064079989.0,1373453163546.0,1432975704086.0,351944777811.0,305473650620.0
256,BVH,2014,4,3764466738587.0,3593580816388.0,1611909162088.0,1147623038985.0,355864387212.0,338828445504.0
257,BVH,2015,4,4356604309134.0,4217930129958.0,1450004428535.0,1601446389015.0,211516918814.0,203387889241.0
258,BVH,2016,4,5709500354335.0,5424198356323.0,1822465847814.0,2098752876697.0,275467033432.0,263999392841.0
259,BVH,2017,4,7388922808675.0,6876268672584.0,2238157784863.0,2588649458553.0,312373881489.0,303200139694.0
260,BVH,2018,4,8575109189884.0,7702243119057.0,2666212514788.0,6626810622178.0,197394238364.0,191421592479.0
261,BVH,2019,4,9761322286150.0,9094038049167.0,3244303087560.0,3174525226014.0,106096504720.0,89806961419.0
262,BVH,2020,4,10529686624583.0,9207428260843.0,-2385271783945.0,2918427525805.0,474550587140.0,474550587140.0
263,BVH,2021,4,10998665502966.0,9746420792758.0,4480086026706.0,2475353460325.0,551928622797.0,524538859697.0
264,BVH,2022,4,11239943280495.0,10487500083642.0,4225846015997.0,2321792294872.0,352201379769.0,341515625774.0
265,ABI,2007,0,16538245392.0,16542343329.0,3729392985.0,16535031856.0,494558488.0,494558488.0
266,ABI,2008,0,132338285250.0,88505404887.0,12383554055.0,85930420870.0,9273631641.0,9273631641.0
267,ABI,2009,0,284214761183.0,214209421146.0,55619889311.0,132728566556.0,9217998631.0,9217998631.0
268,ABI,2010,0,383985897414.0,300629847401.0,97298130061.0,185797876054.0,37187498034.0,37187498034.0
269,ABI,2011,0,407402528938.0,320913364335.0,123610831241.0,208869297525.0,54315803008.0,54315803008.0
270,ABI,2012,0,454964873223.0,400175003238.0,107203751436.0,252404237347.0,69192316264.0,69192316264.0
271,ABI,2013,0,530848865899.0,490432388227.0,117792810869.0,304252056284.0,52721143062.0,52721143062.0
272,ABI,2014,0,632693721139.0,599254948262.0,147719580698.0,305582041253.0,115235860710.0,115235860710.0
273,ABI,2015,0,784451781752.0,771328364326.0,195108076779.0,446919295320.0,81827543613.0,81827543613.0
274,ABI,2016,0,1086529127840.0,1042479145763.0,280130168719.0,569409272642.0,111148526045.0,111148526045.0
275,ABI,2017,0,1235110539920.0,1179450874967.0,302914316960.0,620837580740.0,128358178126.0,128358178126.0
276,ABI,2018,0,1413430663845.0,1341639420740.0,366484188663.0,746354059933.0,171798349932.0,171798349932.0
277,ABI,2019,0,1742469062464.0,1428402425250.0,376627146245.0,891849627549.0,242596753931.0,242596753931.0
278,ABI,2020,0,1905660873074.0,1673008175606.0,477740320750.0,996683044905.0,293019824842.0,293019824842.0
279,ABI,2021,0,1957310223978.0,1771200311960.0,541354461601.0,1041825949610.0,273403577308.0,273403577308.0
280,ABI,2022,0,2118235211132.0,1884049195004.0,709008836303.0,1072992279106.0,221869216239.0,221869216239.0
281,ABI,2013,1,91904358539.0,87218809269.0,41315969564.0,34085441292.0,36936573269.0,36936573269.0
282,ABI,2014,1,121799167404.0,114983425792.0,34505168266.0,56160138653.0,20499194915.0,20499194915.0
283,ABI,2015,1,148501071572.0,152697708101.0,44124255283.0,84728977609.0,18388269358.0,18388269358.0
284,ABI,2016,1,240493010630.0,232533594944.0,64773753603.0,117370554453.0,21908887057.0,21908887057.0
285,ABI,2017,1,300025508436.0,292528330370.0,70062781046.0,155886049113.0,46127620984.0,46127620984.0
286,ABI,2018,1,324706104855.0,313985462337.0,92403104662.0,160118364322.0,42372444930.0,42372444930.0
287,ABI,2019,1,414717392052.0,396825900295.0,78662504413.0,208018867440.0,63003506503.0,63003506503.0
288,ABI,2020,1,473049097744.0,387533308521.0,102848811644.0,224949524273.0,81820751022.0,81820751022.0
289,ABI,2021,1,467815972882.0,431352822375.0,121319207471.0,249348511770.0,80172730221.0,80172730221.0
290,ABI,2022,1,511800728109.0,448493193508.0,167671440202.0,248250635210.0,56082988291.0,56082988291.0
291,ABI,2023,1,485099809558.0,465941182507.0,169915702065.0,261034807774.0,70737319882.0,70737319882.0
292,ABI,2012,2,123763482267.0,108077175259.0,23492803559.0,95568145992.0,12546584581.0,12546584581.0
293,ABI,2013,2,153806587956.0,147000698073.0,29213125848.0,87577700364.0,17930132236.0,17930132236.0
294,ABI,2014,2,169843913609.0,163849304429.0,62577209467.0,87008151700.0,19119551821.0,19119551821.0
295,ABI,2015,2,201138970305.0,190690268274.0,50321499691.0,110293060542.0,21104271753.0,21104271753.0
296,ABI,2016,2,282269607830.0,270226731963.0,67384767118.0,142329100421.0,30804282437.0,30804282437.0
297,ABI,2017,2,314681086381.0,298635924249.0,69260741848.0,179864822661.0,46520764968.0,46520764968.0
298,ABI,2018,2,367079317648.0,346108423776.0,77323700622.0,201801700299.0,53760117957.0,53760117957.0
299,ABI,2019,2,457597414173.0,432058703109.0,89564502401.0,250761821393.0,71128912876.0,71128912876.0
300,ABI,2020,2,338826239611.0,296264595495.0,73236848541.0,171407760381.0,64602051463.0,64602051463.0
301,ABI,2021,2,496039825119.0,426056348155.0,136103570152.0,218354886925.0,87018946225.0,87018946225.0
302,ABI,2022,2,576292876802.0,459944923761.0,179028603960.0,267727227720.0,43113720450.0,43113720450.0
303,ABI,2012,3,123267977412.0,112165781558.0,17001166294.0,76872287012.0,14269545812.0,14269545812.0
304,ABI,2013,3,140654432170.0,127157406267.0,30591931906.0,80439365432.0,10221351124.0,10221351124.0
305,ABI,2014,3,159634771017.0,158516835393.0,37652013589.0,86099179276.0,23081792027.0,23081792027.0
306,ABI,2015,3,205837051465.0,205572734933.0,53709901728.0,116953402736.0,21311979367.0,21311979367.0
307,ABI,2016,3,276741458868.0,266394464119.0,69375738944.0,145763346335.0,36014497532.0,36014497532.0
308,ABI,2017,3,285100407903.0,271353072000.0,83691823583.0,143996910279.0,52076820078.0,52076820078.0
309,ABI,2018,3,350335223329.0,333872503230.0,89014809024.0,162067958687.0,27515317407.0,27515317407.0
310,ABI,2019,3,403951061292.0,379765780675.0,90054928760.0,201094226417.0,73813378306.0,73813378306.0
311,ABI,2020,3,457792036736.0,427172815668.0,120470053649.0,260166848095.0,71004605498.0,71004605498.0
312,ABI,2021,3,419912003481.0,455592921470.0,117054922891.0,224858722569.0,121944444208.0,121944444208.0
313,ABI,2022,3,483258855380.0,479253552689.0,171394946415.0,268108896139.0,69468787632.0,69468787632.0
314,ABI,2012,4,135749892154.0,115599528171.0,47391377082.0,47304809927.0,13223556253.0,13223556253.0
315,ABI,2013,4,144058317252.0,130287811027.0,37366738426.0,82512962286.0,8381567476.0,8381567476.0
316,ABI,2014,4,180745515577.0,160467446973.0,10386285823.0,77429799717.0,54178654442.0,54178654442.0
317,ABI,2015,4,228974688410.0,222367653018.0,46952420077.0,134943854433.0,21023023135.0,21023023135.0
318,ABI,2016,4,287025050512.0,274102070094.0,78619240515.0,163736186537.0,22752776814.0,22752776814.0
319,ABI,2017,4,335303537200.0,316933548348.0,79898970483.0,140831835410.0,-16301617137.0,-16301617137.0
320,ABI,2018,4,367079317648.0,346108423776.0,77323700622.0,201801700299.0,53760117957.0,53760117957.0
321,ABI,2019,4,466203194947.0,353979533253.0,118345210671.0,231974712299.0,34650956246.0,34650956246.0
322,ABI,2020,4,484570012655.0,434783929733.0,150462311948.0,255933771515.0,55913041777.0,55913041777.0
323,ABI,2021,4,573542422496.0,458198219960.0,166876761087.0,349263828346.0,-15732543346.0,-15732543346.0
324,ABI,2022,4,546882750841.0,496357525046.0,190913845726.0,288905520037.0,53203719866.0,53203719866.0
325,PTI,2004,0,208420480670.0,166788321808.0,55025421080.0,105370269352.0,21090249139.0,21090249139.0
326,PTI,2005,0,265582249979.0,213108234807.0,64837507750.0,126044392967.0,23668102904.0,23668102904.0
327,PTI,2006,0,281193135832.0,226359767290.0,108532897341.0,133905379146.0,17988434722.0,17988434722.0
328,PTI,2007,0,343183411712.0,343183411712.0,0.0,106854298400.0,21037269977.0,21037269977.0
329,PTI,2008,0,0.0,0.0,0.0,117313272867.0,41984329712.0,41984329712.0
330,PTI,2009,0,455026081143.0,374266831094.0,212127411371.0,210446741067.0,49663563672.0,49132764579.0
331,PTI,2010,0,684469187473.0,579053736493.0,202615484421.0,336677236076.0,77501000264.0,77262629717.0
332,PTI,2011,0,1084284313216.0,929868500678.0,357135371943.0,895592523869.0,70665855625.0,69911791424.0
333,PTI,2012,0,1663194286589.0,1217254276921.0,545324346172.0,1104412911385.0,65076867760.0,64495965764.0
334,PTI,2013,0,1478443828460.0,1294505512636.0,562849771515.0,965856360057.0,54818567058.0,54853290963.0
335,PTI,2014,0,1718211337762.0,1492751400025.0,626335775476.0,874308441762.0,67314991603.0,67400466486.0
336,PTI,2015,0,2461662760300.0,1976179025420.0,772175642434.0,1173449799972.0,160266984069.0,160204092536.0
337,PTI,2016,0,3096474612452.0,2543567745696.0,1167091662698.0,1472422132783.0,108410625690.0,108299767800.0
338,PTI,2017,0,3206371714043.0,2281511074021.0,1200621850970.0,1669296066044.0,153742988373.0,153693761147.0
339,PTI,2018,0,4159480240770.0,2871284618500.0,1327426282923.0,2199940946168.0,16967137755.0,16971538117.0
340,PTI,2019,0,5692726345390.0,3187031858339.0,1435340658090.0,2826369974438.0,117428780472.0,117300140622.0
341,PTI,2020,0,5958636287715.0,3956767556487.0,1641210288078.0,2981522902912.0,247816157834.0,247731773043.0
342,PTI,2021,0,5836199674337.0,4141955417113.0,1749242351372.0,3045045319603.0,268879724503.0,268764241002.0
343,PTI,2022,0,6265961552698.0,4377315677895.0,2260079872489.0,3357187511968.0,-352267854283.0,-352286150813.0
344,PTI,2011,1,230780626151.0,202252329816.0,75789960806.0,130062664031.0,15620996448.0,15612011750.0
345,PTI,2012,1,642683892081.0,336711001894.0,151619873541.0,204761482045.0,14527731860.0,14387243685.0
346,PTI,2013,1,362197955254.0,342362499122.0,173532880886.0,239378419102.0,12522912954.0,12515012461.0
347,PTI,2014,1,394055616255.0,334853634145.0,167705580941.0,177997673658.0,19574877355.0,19586649003.0
348,PTI,2015,1,553618574874.0,456531795764.0,211188276553.0,202025425571.0,21724656429.0,21702949193.0
349,PTI,2016,1,0.0,0.0,0.0,144745370107.0,45698295899.0,45683866996.0
350,PTI,2017,1,755230818320.0,529631409386.0,296070280809.0,383012424479.0,33465209882.0,33461204877.0
351,PTI,2018,1,935980777303.0,612412343641.0,241932638554.0,474555477993.0,31584778742.0,31580045086.0
352,PTI,2019,1,1321310728259.0,817535399631.0,297394864731.0,575170243363.0,37128357766.0,37118575369.0
353,PTI,2020,1,1515103602167.0,961564332552.0,325626656981.0,766291780172.0,47265033194.0,47240629349.0
354,PTI,2021,1,1534186620393.0,999962593727.0,390375557090.0,767677839668.0,68005634542.0,67987314035.0
355,PTI,2022,1,1885194923629.0,1166878159165.0,500573584162.0,832595751478.0,38258585365.0,38237593623.0
356,PTI,2023,1,1545135248110.0,1282520078148.0,692754162267.0,770340002416.0,41169326322.0,41101110543.0
357,PTI,2011,2,253632493871.0,204299308098.0,46566867585.0,188971829924.0,23237330522.0,22898081476.0
358,PTI,2012,2,257711919806.0,263198969411.0,120790609991.0,269583243062.0,4627803885.0,4477356934.0
359,PTI,2013,2,325864755107.0,300604724150.0,140082890227.0,246301362510.0,14023453227.0,13992794684.0
360,PTI,2014,2,0.0,0.0,0.0,91398399902.0,19892550887.0,19921006634.0
361,PTI,2015,2,552777818005.0,398316157456.0,103846434264.0,316553509343.0,27180308320.0,27160492458.0
362,PTI,2016,2,0.0,0.0,0.0,90286965231.0,29557010692.0,29523976781.0
363,PTI,2017,2,740932393823.0,546909226215.0,313685851638.0,364848316853.0,18537569340.0,18502880565.0
364,PTI,2018,2,984232043479.0,780296869513.0,379675237305.0,471474722679.0,483270700.0,480988788.0
365,PTI,2019,2,1433430674490.0,871934759226.0,380564514313.0,674002523117.0,-11283028379.0,-11300067735.0
366,PTI,2020,2,1435740548068.0,940234899554.0,372854294402.0,767759171685.0,69369830905.0,69335505469.0
367,PTI,2021,2,1488519888268.0,1048299535752.0,453721945793.0,796505887990.0,28460048568.0,28434047659.0
368,PTI,2022,2,1524034763567.0,1290654019142.0,466805219941.0,1265528751978.0,-218889653134.0,-218925509821.0
369,PTI,2010,3,151642075821.0,141195826452.0,56026548308.0,121005236171.0,21524841140.0,21462082572.0
370,PTI,2011,3,268866375672.0,247698528158.0,141175509158.0,285113454926.0,11304133739.0,11074020553.0
371,PTI,2012,3,344858415295.0,291243688367.0,144250235082.0,233911213470.0,20117598640.0,19998446987.0
372,PTI,2013,3,341364068285.0,261454888698.0,141424647590.0,207750758760.0,9442411698.0,9453349327.0
373,PTI,2014,3,0.0,0.0,0.0,91860043680.0,11690870264.0,11743669445.0
374,PTI,2015,3,0.0,0.0,0.0,121173877117.0,12435929906.0,12449701176.0
375,PTI,2016,3,0.0,0.0,0.0,90118444614.0,33041567084.0,33042460377.0
376,PTI,2017,3,810419198165.0,466133810299.0,315899520317.0,375992829990.0,34739505080.0,34720479020.0
377,PTI,2018,3,1081107763437.0,712473448622.0,271867963034.0,537996930290.0,24154742991.0,24141444141.0
378,PTI,2019,3,1431521143647.0,907436552874.0,389770576942.0,786761052782.0,26186975419.0,26151708883.0
379,PTI,2020,3,1373621559716.0,968916226210.0,478792908684.0,587786433315.0,59640685015.0,59640685015.0
380,PTI,2021,3,627792652856.0,283670380646.0,27876503895.0,344383190562.0,97421098167.0,120335573708.0
381,PTI,2022,3,1311576396895.0,825082023504.0,613096559393.0,596193691804.0,-167215255614.0,-167253622865.0
382,PTI,2010,4,251445546301.0,205794050643.0,52876023879.0,176998482321.0,27137464143.0,27076696116.0
383,PTI,2011,4,330167596284.0,274781113368.0,93459289808.0,291970433451.0,29886248997.0,29681372068.0
384,PTI,2012,4,415800627032.0,325030901062.0,128663627558.0,259504727277.0,27412621375.0,27419702891.0
385,PTI,2013,4,449017049814.0,390083400666.0,107809352812.0,272029846801.0,18377797989.0,18414584491.0
386,PTI,2014,4,0.0,0.0,0.0,85356777655.0,15087814630.0,15095112859.0
387,PTI,2015,4,0.0,0.0,0.0,70748688454.0,100892647492.0,100820531089.0
388,PTI,2016,4,0.0,0.0,0.0,163292233146.0,21537790245.0,21553092824.0
389,PTI,2017,4,899789303735.0,732893797115.0,292507386387.0,540070218598.0,65520115633.0,65480237209.0
390,PTI,2018,4,1158159656551.0,766101956724.0,287914401573.0,569394129992.0,-34391145347.0,-34364475911.0
391,PTI,2019,4,1506463798994.0,862780774205.0,367610702104.0,903329032771.0,64068448156.0,63992114198.0
392,PTI,2020,4,1634170577764.0,1086052098171.0,463936428011.0,859685517740.0,70795364374.0,70769708844.0
393,PTI,2021,4,1645574366694.0,1195999086969.0,546173700396.0,815987044201.0,70078069512.0,70031823485.0
394,PTI,2022,4,1545155468607.0,1094701476084.0,679604508993.0,662869316708.0,-4421530900.0,-4344611750.0
395,BIC,2005,0,26225916000.0,35985831000.0,3681009000.0,17756300000.0,-3461864000.0,-3461864000.0
396,BIC,2006,0,40215762000.0,23748552000.0,10196154000.0,21784309000.0,9809681000.0,9809681000.0
397,BIC,2007,0,147922924601.0,83004752842.0,25853264427.0,57540825892.0,14075986586.0,14075986586.0
398,BIC,2008,0,269262056154.0,152158104911.0,81574140150.0,125648096017.0,-76879290967.0,-76879290967.0
399,BIC,2009,0,370082988587.0,180790827584.0,72930397771.0,173203395940.0,78008118103.0,78008118103.0
400,BIC,2010,0,505448687185.0,319554659771.0,97907630080.0,237547392670.0,23031912981.0,23031912981.0
401,BIC,2011,0,623821018508.0,404769440397.0,175933581459.0,338222591871.0,79065512609.0,79065512609.0
402,BIC,2012,0,670376718737.0,482780767259.0,165228820258.0,372936571826.0,84178164009.0,84178164009.0
403,BIC,2013,0,855868056390.0,585502007230.0,218729292135.0,466323367620.0,96401817089.0,94654460763.0
404,BIC,2014,0,1219542615314.0,794972920985.0,254949614721.0,526773456706.0,107323137370.0,100149306288.0
405,BIC,2015,0,1550942831613.0,1044095101242.0,357659215053.0,693491152704.0,124295428890.0,113396405807.0
406,BIC,2016,0,1668507934733.0,1165370607295.0,471080860430.0,770050354076.0,134451125253.0,127040719307.0
407,BIC,2017,0,1842741738547.0,1295883637121.0,544548982042.0,852211393617.0,143229804844.0,137844879299.0
408,BIC,2018,0,2072302054219.0,1440240713410.0,580008991227.0,945115628725.0,144027164544.0,140820471897.0
409,BIC,2019,0,2335698341399.0,1459263475818.0,618097287328.0,1036282009185.0,213347637694.0,213230783268.0
410,BIC,2020,0,2662313594655.0,1687833430352.0,577276514768.0,1222491047733.0,286821604344.0,283412163800.0
411,BIC,2021,0,2978711527024.0,1936268258324.0,536789750279.0,1437886060866.0,392194487216.0,387458551387.0
412,BIC,2022,0,3819625751444.0,2404806791623.0,779043036620.0,1836104143156.0,321216144533.0,314497125816.0
413,BIC,2011,1,142619222473.0,101267118426.0,32980127860.0,72974812379.0,19945591612.0,19945591612.0
414,BIC,2012,1,162322508393.0,118052931621.0,39960717382.0,90610082674.0,22917060538.0,22917060538.0
415,BIC,2013,1,186233006058.0,114961718924.0,38511215952.0,94634652436.0,23238132610.0,23238132610.0
416,BIC,2014,1,256080247329.0,156666601306.0,56631467571.0,89468310782.0,26304895401.0,24605709961.0
417,BIC,2015,1,338917290787.0,218147205878.0,76396819838.0,128927238836.0,35112933917.0,32642571027.0
418,BIC,2016,1,404607191140.0,267819510684.0,112943464254.0,179696358829.0,41263200474.0,38912073436.0
419,BIC,2017,1,426537398477.0,300754462024.0,135050401329.0,199196891335.0,44952043499.0,44297081981.0
420,BIC,2018,1,453862255672.0,329798086874.0,148600342446.0,210613196446.0,53113031110.0,52171953516.0
421,BIC,2019,1,517822539442.0,358665628773.0,132692098199.0,222815756506.0,55658346949.0,54961197249.0
422,BIC,2020,1,594564577165.0,337749074406.0,101331385676.0,241086036241.0,63055969830.0,62110190170.0
423,BIC,2021,1,646767523410.0,411026171463.0,158975963987.0,307044213159.0,79882800264.0,78839032860.0
424,BIC,2022,1,912046404338.0,490683441500.0,181358599285.0,370535125348.0,75108555404.0,73844831615.0
425,BIC,2023,1,1316481770856.0,700445588732.0,230255941186.0,554032175757.0,78922337095.0,78044770727.0
426,BIC,2011,2,156477049948.0,108267654703.0,51665253878.0,74824635974.0,14857378131.0,14857378131.0
427,BIC,2012,2,158681616695.0,116505729692.0,50880633028.0,91211635173.0,18185249679.0,18185249679.0
428,BIC,2013,2,218785991975.0,167150717370.0,41502575666.0,125485576246.0,18886299631.0,18886299631.0
429,BIC,2014,2,327269913162.0,239365118105.0,164043301785.0,253999532053.0,26100063399.0,23646623120.0
430,BIC,2015,2,403406640812.0,284223532121.0,94915550554.0,183278378067.0,22677342257.0,19259464431.0
431,BIC,2016,2,412076264771.0,309388059106.0,122037820078.0,196074404970.0,33005257458.0,31566927015.0
432,BIC,2017,2,485915410164.0,327971976430.0,141055889791.0,213590081234.0,28203452691.0,26939416578.0
433,BIC,2018,2,555680113564.0,376370666245.0,127462258023.0,230179616716.0,47610473118.0,47007899613.0
434,BIC,2019,2,593081674719.0,364587212917.0,143881260980.0,260543637749.0,66583575142.0,67042203667.0
435,BIC,2020,2,597616509626.0,426616182696.0,157155322254.0,316547998001.0,95203793771.0,94491116881.0
436,BIC,2021,2,762150081389.0,515249796836.0,169280371468.0,371625150524.0,98673209106.0,97485867507.0
437,BIC,2022,2,1029602696316.0,611203951066.0,176140941462.0,491415544989.0,49936070500.0,46593534522.0
438,BIC,2011,3,125856975078.0,84549451964.0,49063798324.0,41896759831.0,20397564130.0,20397564130.0
439,BIC,2012,3,137277277101.0,98065805182.0,21581533033.0,84643558491.0,27400359416.0,27400359416.0
440,BIC,2013,3,195886081731.0,135960753421.0,57827467647.0,118771481631.0,33564148780.0,31776426178.0
441,BIC,2014,3,261938224965.0,184714469454.0,69490559005.0,120308765438.0,31984952146.0,30459878476.0
442,BIC,2015,3,347994767317.0,238096212698.0,109239122519.0,167654431982.0,13816547839.0,12066954464.0
443,BIC,2016,3,393635276975.0,251181814408.0,121541002044.0,179951470067.0,38746447450.0,36923952168.0
444,BIC,2017,3,407637859335.0,303917196810.0,125887975546.0,202779484175.0,33847846722.0,33219999373.0
445,BIC,2018,3,478494704193.0,297610782076.0,133642129863.0,207655715830.0,44160778251.0,43967421928.0
446,BIC,2019,3,540082944359.0,381485652597.0,173070290147.0,245174765706.0,62610884874.0,61965798369.0
447,BIC,2020,3,663213975069.0,431282508203.0,151135540098.0,310069335680.0,75592190118.0,74055192692.0
448,BIC,2021,3,631171191203.0,432765563724.0,101976152282.0,310209217955.0,108501965728.0,106678774806.0
449,BIC,2022,3,838994165530.0,638005239389.0,202662292769.0,482822041544.0,58058158320.0,56879014242.0
450,BIC,2010,4,169425039079.0,103267473226.0,38091438471.0,60804932787.0,18001878909.0,18001878909.0
451,BIC,2011,4,196377974252.0,109468768862.0,37015540050.0,144652678260.0,23793355403.0,23793355403.0
452,BIC,2012,4,213371550201.0,150841388830.0,56747892281.0,106104057671.0,16034196844.0,16034196844.0
453,BIC,2013,4,253304644038.0,167379171307.0,79847339245.0,128378242839.0,21040827978.0,21858254110.0
454,BIC,2014,4,374254229858.0,244100384100.0,75121671038.0,173334233111.0,22933226424.0,21437094731.0
455,BIC,2015,4,455994855862.0,302591690433.0,79970292933.0,210492926676.0,54554581698.0,51116117090.0
456,BIC,2016,4,458815418361.0,337007527374.0,118678333925.0,209302339594.0,21494931521.0,19492836357.0
457,BIC,2017,4,522651070571.0,363240001857.0,142554715376.0,236644936873.0,36226461932.0,33388381367.0
458,BIC,2018,4,584264980790.0,436461178215.0,170304260895.0,296492800822.0,-717678807.0,-2187364032.0
459,BIC,2019,4,684711182879.0,419012956692.0,164663584628.0,307747849224.0,28494830729.0,29261583984.0
460,BIC,2020,4,806918532795.0,492185665047.0,167654266740.0,354787677811.0,52969650625.0,52755664057.0
461,BIC,2021,4,938622731022.0,577226726301.0,106557262542.0,449007479228.0,105136512118.0,104454876214.0
462,BIC,2022,4,1038982485262.0,664914159670.0,218881203103.0,491331431275.0,138113360309.0,137179745437.0
463,PGI,2003,0,335643271649.0,335643271649.0,114750735507.0,0.0,16533803015.0,16533803015.0
464,PGI,2004,0,599726491766.0,599726491766.0,222465461864.0,0.0,25045706084.0,25045706084.0
465,PGI,2005,0,729107481033.0,729107481033.0,303724072485.0,0.0,,
466,PGI,2006,0,667377812216.0,486453952273.0,288420992305.0,202971751689.0,22535195540.0,22535195540.0
467,PGI,2007,0,885269706497.0,712304414146.0,317806832661.0,420066327409.0,36548281746.0,36548281746.0
468,PGI,2008,0,1069750856581.0,1132045571440.0,390906093437.0,469386694644.0,42589659575.0,42589659575.0
469,PGI,2009,0,1297830078244.0,1050508102524.0,468283456605.0,562906040239.0,45091487641.0,45091487641.0
470,PGI,2010,0,1592062157006.0,1199832641789.0,639160406919.0,784550861622.0,63177789257.0,63177789257.0
471,PGI,2011,0,1887780848780.0,1491032940423.0,642474066382.0,833897822498.0,103541276597.0,103541276597.0
472,PGI,2012,0,1971466692333.0,1598631403188.0,818318113359.0,972605318484.0,99209067104.0,99209067104.0
473,PGI,2013,0,1984459459591.0,1685960601439.0,919302340314.0,909491036144.0,65883962690.0,65883962690.0
474,PGI,2014,0,2123579809501.0,1676427505210.0,842801333763.0,888933924743.0,88199214051.0,88199214051.0
475,PGI,2015,0,2231242338598.0,1857148462617.0,890587250472.0,990433078911.0,93104425761.0,93104425761.0
476,PGI,2016,0,2484460174461.0,2009671799449.0,997123619027.0,1050465477248.0,101971022860.0,101971022860.0
477,PGI,2017,0,2611656418197.0,2183515251278.0,1196805421635.0,1069950971796.0,127360130289.0,127360130289.0
478,PGI,2018,0,2809333399577.0,2196886534074.0,1082219026143.0,1215944955335.0,141601469762.0,141601469762.0
479,PGI,2019,0,3069855499535.0,2258689206325.0,1102007075539.0,1359248773752.0,169097613898.0,169097613898.0
480,PGI,2020,0,3508665881452.0,2521502947790.0,1100512911833.0,1665763268744.0,175461407487.0,175461407487.0
481,PGI,2021,0,3344091940540.0,2655592374199.0,1043889965894.0,1629319902081.0,352038763632.0,352038763632.0
482,PGI,2022,0,3772210681292.0,2675108186774.0,1222403701879.0,1661541249033.0,203726232244.0,203726232244.0
483,PGI,2010,1,337865429344.0,294629039222.0,155478897664.0,138699607615.0,12510242564.0,12510242564.0
484,PGI,2011,1,407643124540.0,329760751281.0,177033591286.0,164537772297.0,23538261170.0,23538261170.0
485,PGI,2012,1,450245982060.0,370783054776.0,203386751089.0,201228923175.0,24703561141.0,24703561141.0
486,PGI,2013,1,479062505428.0,353750985169.0,294395355797.0,229906788949.0,-76777120584.0,-76777120584.0
487,PGI,2014,1,490303425816.0,395064930739.0,220389436853.0,217845692574.0,21345307633.0,21345307633.0
488,PGI,2015,1,536352892477.0,435153439810.0,218407196353.0,240162224377.0,24514521272.0,24514521272.0
489,PGI,2016,1,581260225651.0,464239022498.0,228216442670.0,243937608169.0,25146863781.0,25146863781.0
490,PGI,2017,1,592870426570.0,479129946160.0,273542329238.0,246921187972.0,32359176826.0,32359176826.0
491,PGI,2018,1,623697092223.0,510307980227.0,261709655167.0,262046402183.0,34995503718.0,34995503718.0
492,PGI,2019,1,666243788139.0,520434559736.0,268515562395.0,280526646799.0,39647724860.0,39647724860.0
493,PGI,2020,1,860873246360.0,572544753777.0,248825344440.0,377317332771.0,42017318600.0,42017318600.0
494,PGI,2021,1,861412831636.0,699297441303.0,310734638846.0,419203511524.0,57113203519.0,57113203519.0
495,PGI,2022,1,914579120773.0,698064812547.0,317880199527.0,402018075580.0,70590830135.0,70590830135.0
496,PGI,2023,1,1045363617629.0,710701167139.0,366007641959.0,403076379419.0,54882795260.0,54882795260.0
497,PGI,2010,2,392018933525.0,260209074156.0,92080321189.0,172210310478.0,18958937306.0,18958937306.0
498,PGI,2011,2,473044259656.0,363964992978.0,142368454808.0,224305645055.0,26098161827.0,26098161827.0
499,PGI,2012,2,500138112935.0,421653295938.0,200508536169.0,223905601838.0,28657031135.0,28657031135.0
500,PGI,2013,2,507863063727.0,522372750815.0,208591634479.0,273154713375.0,79810561028.0,79810561028.0
501,PGI,2014,2,528577862487.0,411092920502.0,237113207426.0,186288471438.0,21566403643.0,21566403643.0
502,PGI,2015,2,550767439104.0,476661849282.0,234126978391.0,235979393618.0,29896004601.0,29896004601.0
503,PGI,2016,2,0.0,0.0,0.0,75436193906.0,39709691796.0,39709691796.0
504,PGI,2017,2,617314441382.0,538665357892.0,312845688907.0,250504203734.0,47099771204.0,47099771204.0
505,PGI,2018,2,728410931081.0,588170684831.0,301484182852.0,280265586879.0,39275884712.0,39275884712.0
506,PGI,2019,2,757138787522.0,584966093749.0,277308561220.0,327916096870.0,42084826670.0,42084826670.0
507,PGI,2020,2,915576392900.0,641662317947.0,280849023330.0,416237946957.0,67074310312.0,67074310312.0
508,PGI,2021,2,852573469280.0,698353701324.0,331736375222.0,337023141749.0,105970335174.0,105970335174.0
509,PGI,2022,2,964590314042.0,698193208094.0,315481997131.0,405052928495.0,73860273103.0,73860273103.0
510,PGI,2010,3,381282693869.0,368802778279.0,204369901938.0,197009658914.0,11344578353.0,11344578353.0
511,PGI,2011,3,472858556649.0,320531153993.0,177490753365.0,172817824896.0,27699922798.0,27699922798.0
512,PGI,2012,3,477965160337.0,380419894425.0,188048696641.0,201022203677.0,24419987717.0,24419987717.0
513,PGI,2013,3,453243918136.0,340071147952.0,202601159870.0,200037095218.0,27325693093.0,27325693093.0
514,PGI,2014,3,484301523137.0,365224626869.0,192850222679.0,212463176365.0,19945159058.0,19945159058.0
515,PGI,2015,3,493024944462.0,367350978169.0,205569294235.0,227547759240.0,18613135489.0,18613135489.0
516,PGI,2016,3,599218181132.0,459977302826.0,207738770080.0,243073302270.0,22029233482.0,22029233482.0
517,PGI,2017,3,603061576607.0,488633319810.0,300159221104.0,227552634966.0,18827354025.0,18827354025.0
518,PGI,2018,3,660781174190.0,473173174224.0,253807011894.0,289061048387.0,31612454552.0,31612454552.0
519,PGI,2019,3,716987029238.0,558850525265.0,275899920992.0,323623429490.0,34333965712.0,34333965712.0
520,PGI,2020,3,840951576819.0,582427101933.0,246683251352.0,400250494347.0,27253055290.0,27253055290.0
521,PGI,2021,3,627792652856.0,510202186848.0,182877472632.0,344383190562.0,97421098167.0,97421098167.0
522,PGI,2022,3,802502436096.0,535547071964.0,249688833548.0,372332012186.0,17848844576.0,17848844576.0
523,PGI,2010,4,480895100268.0,277674663132.0,187231286128.0,276631284615.0,20364031035.0,20364031035.0
524,PGI,2011,4,534234907935.0,459715647357.0,145581266923.0,272236580250.0,26204930802.0,26204930802.0
525,PGI,2012,4,543117437001.0,427167416269.0,226374129460.0,346448589794.0,21128109679.0,21128109679.0
526,PGI,2013,4,544289972300.0,467504396059.0,213714190168.0,204227539513.0,34903196991.0,34903196991.0
527,PGI,2014,4,620396998061.0,491519132470.0,192448466805.0,269969029327.0,25085261836.0,25085261836.0
528,PGI,2015,4,651097062555.0,577982195356.0,232483781493.0,286743701676.0,20080764399.0,20080764399.0
529,PGI,2016,4,701867822090.0,578560769355.0,303857641049.0,308468805991.0,19940368990.0,19940368990.0
530,PGI,2017,4,798409973638.0,677086627416.0,310258182386.0,340476843135.0,29073828234.0,29073828234.0
531,PGI,2018,4,796444202083.0,625234694792.0,265218176230.0,384571917886.0,35717626780.0,35717626780.0
532,PGI,2019,4,929485894636.0,655871350879.0,280283030932.0,427306464974.0,53031096656.0,53031096656.0
533,PGI,2020,4,891264665373.0,654943438873.0,324155292711.0,471957494669.0,39116723285.0,39116723285.0
534,PGI,2021,4,1002312986768.0,747739044724.0,269893038168.0,477358499272.0,91534126772.0,91534126772.0
535,PGI,2022,4,1090538810381.0,743303094169.0,339352671673.0,482138232772.0,41426284430.0,41426284430.0
536,BLI,2007,0,164737061713.0,155866374968.0,70457057049.0,70785872021.0,18315730348.0,18315730348.0
537,BLI,2008,0,253938402661.0,245101546586.0,132411681126.0,130441543699.0,132751802.0,132751802.0
538,BLI,2009,0,324815960001.0,321447284469.0,132645622877.0,161862117192.0,14421942348.0,14421942348.0
539,BLI,2010,0,379552421040.0,353780534208.0,198771350896.0,206945904093.0,1042477090.0,1042477090.0
540,BLI,2011,0,301934061930.0,304550751408.0,167949368888.0,183675631966.0,37393758360.0,37393758360.0
541,BLI,2012,0,255622555085.0,255525297171.0,120502279093.0,169187406754.0,53070547196.0,53070547196.0
542,BLI,2013,0,432409978450.0,498791145005.0,133405573803.0,249380122193.0,26360051379.0,26360051379.0
543,BLI,2014,0,0.0,0.0,0.0,209056530700.0,24584736146.0,24584736146.0
544,BLI,2015,0,567260426484.0,483146416670.0,207510587697.0,322104787705.0,15313864023.0,15313864023.0
545,BLI,2016,0,764642146562.0,669661022195.0,238954700022.0,427120752603.0,12003467124.0,12003467124.0
546,BLI,2017,0,892990614957.0,801848654204.0,334577201148.0,526253328452.0,22000409969.0,22000409969.0
547,BLI,2018,0,1020029527501.0,697077197286.0,311360322340.0,561244520625.0,38479938274.0,38479938274.0
548,BLI,2019,0,1136747642195.0,720632044546.0,279581307238.0,640687984901.0,41484392441.0,41484392441.0
549,BLI,2020,0,1274703870180.0,763274325140.0,259123440615.0,723168794898.0,40919191689.0,40919191689.0
550,BLI,2021,0,1237059394829.0,930808771756.0,329788648777.0,754788912211.0,82967242850.0,82967242850.0
551,BLI,2022,0,1360904710589.0,1020864077032.0,365377556886.0,837866040384.0,88168630229.0,88168630229.0
552,BLI,2016,1,158907130766.0,143827331913.0,42796108750.0,76033742619.0,21993689187.0,21993689187.0
553,BLI,2017,1,214974799368.0,187806841546.0,79464817749.0,107971730340.0,5355847592.0,5355847592.0
554,BLI,2018,1,230184499310.0,162905724628.0,91307949974.0,110515623082.0,19758651170.0,19758651170.0
555,BLI,2019,1,266386409575.0,188648136992.0,64255528920.0,120797057520.0,49597840238.0,49597840238.0
556,BLI,2020,1,287078347114.0,167519074092.0,54440638084.0,131551943569.0,13802852426.0,13802852426.0
557,BLI,2021,1,315001027592.0,228691902517.0,75752433409.0,174207717778.0,41002278745.0,41002278745.0
558,BLI,2022,1,331271603438.0,231567586998.0,39870491481.0,150856151919.0,128013838584.0,128013838584.0
559,BLI,2023,1,315845401985.0,248483959406.0,110472471007.0,164871279523.0,24550568996.0,24550568996.0
560,BLI,2016,2,160091592063.0,141674621412.0,54745019560.0,91280793302.0,12930889766.0,12930889766.0
561,BLI,2017,2,198283693829.0,188761470781.0,83467795333.0,119493582887.0,15685907283.0,15685907283.0
562,BLI,2018,2,218063599978.0,160626841074.0,78368775763.0,133768051079.0,2896795034.0,2896795034.0
563,BLI,2019,2,250823646453.0,111997487277.0,56402001206.0,138120454420.0,19587768676.0,19587768676.0
564,BLI,2020,2,281565854692.0,197967520081.0,49345352642.0,192779542693.0,34043263294.0,34043263294.0
565,BLI,2021,2,300583524565.0,228331338395.0,70022616825.0,198170194525.0,21573148951.0,21573148951.0
566,BLI,2022,2,328732281033.0,253976039936.0,130444764202.0,243021038877.0,-51798831321.0,-51798831321.0
567,BLI,2015,3,139610307470.0,118420420367.0,45543368784.0,78719863982.0,12656371472.0,12656371472.0
568,BLI,2016,3,206437913530.0,177472699136.0,50466661539.0,98936642408.0,19511760878.0,19511760878.0
569,BLI,2017,3,217113445279.0,193079726502.0,74396462901.0,121160555564.0,29361724392.0,29361724392.0
570,BLI,2018,3,258877084739.0,164139906675.0,64110722422.0,128896594132.0,46136898129.0,46136898129.0
571,BLI,2019,3,274097759278.0,176707512004.0,61548168955.0,142792163578.0,33441032013.0,33441032013.0
572,BLI,2020,3,275623208763.0,184506689978.0,57041434599.0,155389107299.0,38416928094.0,38416928094.0
573,BLI,2021,3,219686251737.0,213011440146.0,62924252968.0,152002620803.0,49874731897.0,49874731897.0
574,BLI,2022,3,305798676287.0,236469120077.0,53318182331.0,182159758044.0,54001194035.0,54001194035.0
575,BLI,2016,4,241910411888.0,209290745449.0,88208108816.0,160638101727.0,-39840044958.0,-39840044958.0
576,BLI,2017,4,262542059826.0,232123998720.0,94397826665.0,175449121851.0,-20030140381.0,-20030140381.0
577,BLI,2018,4,312904343474.0,209404724909.0,77572874187.0,189540567700.0,-30927918315.0,-30927918315.0
578,BLI,2019,4,345439826889.0,195707203773.0,97375608163.0,238978309383.0,-61142248494.0,-61142248494.0
579,BLI,2020,4,430436459611.0,213281040989.0,98296015290.0,243448201337.0,-45343852125.0,-45343852125.0
580,BLI,2021,4,401788590935.0,260774090698.0,121089345575.0,230408379105.0,-29211835182.0,-29211835182.0
581,BLI,2022,4,395102149831.0,298851330021.0,141744118872.0,261829091544.0,-42047571069.0,-42047571069.0
582,MIG,2015,0,1401875639777.0,1240513715073.0,415363746932.0,734473320042.0,38292378489.0,38288468448.0
583,MIG,2016,0,1738475333930.0,1430054255705.0,458043983148.0,932066954352.0,70265928396.0,70255099562.0
584,MIG,2017,0,1920810167998.0,1580856311402.0,678058928247.0,1006316189064.0,44434897545.0,44368724170.0
585,MIG,2018,0,1924850397881.0,1444820547643.0,591420807048.0,1033798468079.0,108105435426.0,108105435426.0
586,MIG,2019,0,2538256116221.0,1638372662008.0,494093424805.0,1334748785319.0,141759422970.0,141759422970.0
587,MIG,2020,0,3156676144875.0,2065266819916.0,699256769152.0,1687709502053.0,193918880406.0,193918880406.0
588,MIG,2021,0,3936424423735.0,2156839104316.0,748425637569.0,1871817703278.0,224376325488.0,224376325488.0
589,MIG,2022,0,5203843388528.0,2693618269318.0,991673612748.0,2744640369396.0,159380387592.0,159380387592.0
590,MIG,2016,1,350009464550.0,301757708316.0,110201638083.0,169780369580.0,33749503339.0,33995740831.0
591,MIG,2017,1,416838237764.0,331831346525.0,137401421209.0,208587362556.0,16105623451.0,16094252275.0
592,MIG,2018,1,427794145008.0,351896660490.0,164778051529.0,219067992011.0,12016665822.0,12019352237.0
593,MIG,2019,1,456540845465.0,355467529642.0,118297614141.0,265190673302.0,29611583980.0,29611583980.0
594,MIG,2020,1,761645492182.0,452210828891.0,158441138502.0,345408604393.0,28267626010.0,28267626010.0
595,MIG,2021,1,891294964664.0,516221226220.0,211066605243.0,409309919678.0,37376099698.0,37376099698.0
596,MIG,2022,1,1247484500959.0,610329033312.0,234711042315.0,560252307373.0,67970187166.0,67970187166.0
597,MIG,2023,1,1217440382030.0,607914140688.0,218026073905.0,698645444439.0,68664815063.0,68664815063.0
598,MIG,2017,2,495970759628.0,408285783259.0,139569475043.0,257161245021.0,43150282845.0,43123432046.0
599,MIG,2018,2,364595945264.0,267138692225.0,130356798565.0,199777467363.0,61619280057.0,61981603521.0
600,MIG,2019,2,552143203046.0,428770038462.0,86056503517.0,293073025234.0,58628607266.0,58628607266.0
601,MIG,2020,2,657554653006.0,459284517566.0,170981022597.0,358672969024.0,51270629493.0,51270629493.0
602,MIG,2021,2,1012769993520.0,587137915713.0,203213133657.0,440775237397.0,78665408834.0,78665408834.0
603,MIG,2022,2,1334865549002.0,554663442863.0,210463155810.0,649990936347.0,16923707521.0,16923707521.0
604,MIG,2016,3,456766667875.0,399810115495.0,173778728807.0,250629342111.0,14700485010.0,14691395014.0
605,MIG,2017,3,511075065251.0,412677875943.0,176417757781.0,266341180384.0,6029948981.0,6068170956.0
606,MIG,2018,3,485141464012.0,328104583698.0,179000385725.0,263761604474.0,5249663505.0,5249663505.0
607,MIG,2019,3,530524703988.0,396315666265.0,128382925120.0,290947978044.0,27143222586.0,27143222586.0
608,MIG,2020,3,749479905469.0,486564129646.0,192593840720.0,396487525353.0,17538565057.0,17538565057.0
609,MIG,2021,3,779441928623.0,434301600547.0,124770465139.0,431065846013.0,32558736706.0,32558736706.0
610,MIG,2022,3,1078443023701.0,605900453924.0,226522782049.0,641221439910.0,50752912234.0,50752912234.0
611,MIG,2017,4,496926105355.0,428061305675.0,224834947921.0,224780061151.0,-20850957733.0,-20800488440.0
612,MIG,2018,4,646092083249.0,512513643051.0,117498764897.0,356252482482.0,28198918514.0,28198918514.0
613,MIG,2019,4,999047363722.0,561448300611.0,162056907147.0,483939521542.0,26306435640.0,26306435640.0
614,MIG,2020,4,970296355990.0,657229651419.0,186005649945.0,568931513189.0,95906099466.0,95906099466.0
615,MIG,2021,4,1252917536928.0,620896468747.0,203261875351.0,598572176652.0,75808215673.0,75808215673.0
616,MIG,2022,4,1543050314866.0,914162640453.0,321792084265.0,894651983704.0,24404377306.0,24404377306.0
617,PRE,2015,0,0.0,444514027831.0,241444362623.0,352108796410.0,123701211017.0,123701211017.0
618,PRE,2016,0,0.0,409093915603.0,212968296736.0,383801695756.0,112887733454.0,112887733454.0
619,PRE,2017,0,0.0,372766026420.0,169854183669.0,354981448151.0,116999052859.0,116999052859.0
620,PRE,2018,0,0.0,372902411444.0,179049582554.0,352728898743.0,126080538356.0,126080538356.0
621,PRE,2019,0,0.0,432664543412.0,211846672797.0,427675368981.0,140646455484.0,140646455484.0
622,PRE,2020,0,0.0,924274511380.0,419776843107.0,857942104257.0,252616732387.0,252616732387.0
623,PRE,2021,0,0.0,609813699042.0,247656559371.0,546025339634.0,145722286210.0,145722286210.0
624,PRE,2022,0,0.0,925549197385.0,406246326320.0,747711561510.0,152780794310.0,152780794310.0
625,PRE,2020,1,0.0,152453659302.0,71214576813.0,145076021559.0,36054230922.0,36054230922.0
626,PRE,2021,1,0.0,179360616793.0,73215923123.0,164121272163.0,32036605558.0,32036605558.0
627,PRE,2022,1,0.0,246829268389.0,109004177609.0,198698530451.0,51005609793.0,51005609793.0
628,PRE,2023,1,0.0,345023923862.0,167240603062.0,242024985679.0,36516319687.0,36516319687.0
629,PRE,2020,2,0.0,118932265906.0,55468639024.0,107224522338.0,37586883830.0,37586883830.0
630,PRE,2021,2,0.0,153268152628.0,72192771584.0,128104286471.0,32468655168.0,32468655168.0
631,PRE,2022,2,0.0,484291533196.0,219581202174.0,373484195078.0,84406474421.0,84406474421.0
632,PRE,2020,3,0.0,145222017008.0,64013494152.0,118368455088.0,32825368792.0,32825368792.0
633,PRE,2021,3,0.0,205746038650.0,110443431137.0,137953909415.0,26245431878.0,26245431878.0
634,PRE,2022,3,0.0,270490076501.0,127026873089.0,217718480010.0,13825098401.0,13825098401.0
635,PRE,2020,4,0.0,507666569164.0,229080133118.0,487273105272.0,146150248843.0,146150248843.0
636,PRE,2021,4,0.0,71438890971.0,-8195566473.0,115845871585.0,54971593606.0,54971593606.0
637,PRE,2022,4,0.0,170767587688.0,59638251057.0,156508886422.0,54549221488.0,54549221488.0
638,AIC,2016,0,462313723074.0,267624952647.0,100708336344.0,230728343245.0,5816348744.0,5816348744.0
639,AIC,2017,0,637713272735.0,411816190974.0,165371599679.0,361005201848.0,16034490032.0,16034490032.0
640,AIC,2018,0,902616182842.0,567101021068.0,243570219725.0,507855745659.0,5574560670.0,5574560670.0
641,AIC,2019,0,1180213875466.0,833661874646.0,350000533600.0,695477575430.0,8407431876.0,8407431876.0
642,AIC,2020,0,178760865201.0,110070554353.0,45087701965.0,181640284045.0,4064837480.0,4064837480.0
643,AIC,2021,0,2178945551571.0,1321278245969.0,457445214179.0,1273873697353.0,16301482698.0,16301482698.0
644,AIC,2022,0,2812266447795.0,2041268864746.0,730364314814.0,1803248057639.0,20088024255.0,20088024255.0
645,AIC,2018,1,195232110902.0,117794443374.0,51201343198.0,100223137898.0,-5779394251.0,-5779394251.0
646,AIC,2019,1,256551546242.0,178708319910.0,64870896433.0,147472459761.0,344377294.0,344377294.0
647,AIC,2020,1,344867286381.0,221635884240.0,94313467957.0,178443247340.0,-35250434087.0,-35250434087.0
648,AIC,2021,1,476153656477.0,276974558657.0,103937424795.0,239670659951.0,1646743621.0,1646743621.0
649,AIC,2022,1,656719026061.0,516956975477.0,152834186855.0,418489436244.0,16293942152.0,16293942152.0
650,AIC,2023,1,534174787412.0,356488404505.0,149828435232.0,294425288888.0,4084042052.0,4084042052.0
651,AIC,2018,2,220039684644.0,140983226715.0,67336787521.0,121174962423.0,-27649714537.0,-27649714537.0
652,AIC,2019,2,286307286329.0,211633974697.0,88076307001.0,166480085602.0,2870114198.0,2870114198.0
653,AIC,2020,2,-1110194173381.0,-723223427859.0,-291956496473.0,-577934128679.0,32075973434.0,32075973434.0
654,AIC,2021,2,533767803443.0,328524156251.0,110957973643.0,275897097360.0,1477078546.0,1477078546.0
655,AIC,2022,2,764480254375.0,535643100242.0,173414022030.0,504794686275.0,17473737767.0,17473737767.0
656,AIC,2018,3,217971353923.0,133708134015.0,53462560067.0,116293512037.0,9837204552.0,9837204552.0
657,AIC,2019,3,282911922303.0,191722260108.0,88040991384.0,149832570315.0,-795091736.0,-795091736.0
658,AIC,2020,3,428128774862.0,265238726312.0,91257561140.0,223093359529.0,830057843.0,830057843.0
659,AIC,2021,3,404314700270.0,273630656472.0,67729738582.0,260291683063.0,9687853275.0,9687853275.0
660,AIC,2022,3,629092632316.0,409643885237.0,157018166032.0,360077792274.0,-25431162546.0,-25431162546.0
661,AIC,2018,4,256598554669.0,170423361591.0,75475457870.0,163012322939.0,27936916690.0,27936916690.0
662,AIC,2019,4,354589885237.0,251602134345.0,108351635084.0,229693836995.0,6046297017.0,6046297017.0
663,AIC,2020,4,515958977339.0,346419371660.0,151473169341.0,358037805855.0,6409240290.0,6409240290.0
664,AIC,2021,4,764709391381.0,442148874589.0,174820077159.0,498010923979.0,3493140256.0,3493140256.0
665,AIC,2022,4,761974535043.0,548647512300.0,243912639897.0,493995213457.0,10678419182.0,10678419182.0
